-- phpMyAdmin SQL Dump
-- version 3.4.11.1
-- http://www.phpmyadmin.net
--
-- Host: localhost
-- Generation Time: Jun 11, 2013 at 09:06 PM
-- Server version: 5.5.32
-- PHP Version: 5.2.17

SET SQL_MODE="NO_AUTO_VALUE_ON_ZERO";
SET time_zone = "+00:00";


/*!40101 SET @OLD_CHARACTER_SET_CLIENT=@@CHARACTER_SET_CLIENT */;
/*!40101 SET @OLD_CHARACTER_SET_RESULTS=@@CHARACTER_SET_RESULTS */;
/*!40101 SET @OLD_COLLATION_CONNECTION=@@COLLATION_CONNECTION */;
/*!40101 SET NAMES utf8 */;

--
-- Database: `seiyriac_cah`
--

-- --------------------------------------------------------

--
-- Table structure for table `black_cards`
--

DROP TABLE IF EXISTS `black_cards`;
CREATE TABLE IF NOT EXISTS `black_cards` (
  `id` int(11) NOT NULL,
  `text` varchar(255) NOT NULL,
  `draw` smallint(6) DEFAULT '0',
  `pick` smallint(6) DEFAULT '1',
  `watermark` varchar(5) DEFAULT NULL,
  PRIMARY KEY (`id`)
) ENGINE=MyISAM DEFAULT CHARSET=latin1;

--
-- Dumping data for table `black_cards`
--

INSERT INTO `black_cards` (`id`, `text`, `draw`, `pick`, `watermark`) VALUES
(16, 'Who stole the cookies from the cookie jar?', 0, 1, NULL),
(504, 'What is the next great Kickstarter project?', 0, 1, 'RS'),
(27, 'What''s the next superhero?', 0, 1, NULL),
(505, '____ 2012.', 0, 1, 'RS'),
(1, 'Why can''t I sleep at night?', 0, 1, NULL),
(4, 'What''s that smell?', 0, 1, NULL),
(15, 'What''s that sound?', 0, 1, NULL),
(9, 'What ended my last relationship?', 0, 1, NULL),
(7, 'What is Batman''s guilty pleasure?', 0, 1, NULL),
(3, 'What''s a girl''s best friend?', 0, 1, NULL),
(22, 'What does Dick Cheney prefer?', 0, 1, NULL),
(25, 'What''s the most emo?', 0, 1, NULL),
(39, 'What are my parents hiding from me?', 0, 1, NULL),
(36, 'What will always get you laid?', 0, 1, NULL),
(38, 'What did I bring back from Mexico?', 0, 1, NULL),
(48, 'What don''t you want to find in your Chinese food?', 0, 1, NULL),
(49, 'What will I bring back in time to convince people that I am a powerful wizard?', 0, 1, NULL),
(50, 'How am I maintaining my relationship status?', 0, 1, NULL),
(58, 'What gives me uncontrollable gas?', 0, 1, NULL),
(62, 'What do old people smell like? ', 0, 1, NULL),
(59, 'What''s my secret power?', 0, 1, NULL),
(41, 'What''s there a ton of in heaven?', 0, 1, NULL),
(42, 'What would grandma find disturbing, yet oddly charming?', 0, 1, NULL),
(43, 'What did the U.S. airdrop to the children of Afghanistan?', 0, 1, NULL),
(40, 'What helps Obama unwind?', 0, 1, NULL),
(73, 'What did Vin Diesel eat for dinner?', 0, 1, NULL),
(76, 'Why am I sticky?', 0, 1, NULL),
(75, 'What gets better with age?', 0, 1, NULL),
(71, 'What''s the crustiest?', 0, 1, NULL),
(70, 'What''s Teach for America using to inspire inner city students to succeed?', 0, 1, NULL),
(86, 'Make a haiku.', 2, 3, NULL),
(66, 'Why do I hurt all over?', 0, 1, NULL),
(63, 'What am I giving up for Lent?', 0, 1, NULL),
(77, 'What''s my anti-drug?', 0, 1, NULL),
(56, 'What never fails to liven up the party?', 0, 1, NULL),
(44, 'What''s the new fad diet?', 0, 1, NULL),
(1273, 'And that''s how Equestria was made!', 0, 1, 'MLP'),
(2, 'I got 99 problems but ____ ain''t one.', 0, 1, NULL),
(8, 'TSA guidelines now prohibit ____ on airplanes.', 0, 1, NULL),
(10, 'MTV''s new reality show features eight washed-up celebrities living with ____.', 0, 1, NULL),
(11, 'I drink to forget ____.', 0, 1, NULL),
(12, 'I''m sorry, Professor, but I couldn''t complete my homework because of ____.', 0, 1, NULL),
(13, 'During Picasso''s often-overlooked Brown Period, he produced hundreds of paintings of ____.', 0, 1, NULL),
(14, 'Alternative medicine is now embracing the curative powers of ____.', 0, 1, NULL),
(18, 'Anthropologists have recently discovered a primitive tribe that worships ____.', 0, 1, NULL),
(19, 'It''s a pity that kids these days are all getting involved with ____.', 0, 1, NULL),
(20, '____. That''s how I want to die.', 0, 1, NULL),
(21, 'In the new Disney Channel Original Movie, Hannah Montana struggles with ____ for the first time.', 0, 1, NULL),
(23, 'I wish I hadn''t lost the instruction manual for ____.', 0, 1, NULL),
(24, 'Instead of coal, Santa now gives the bad children ____.', 0, 1, NULL),
(26, 'In 1,000 years, when paper money is but a distant memory, ____ will be our currency.', 0, 1, NULL),
(28, 'A romantic, candlelit dinner would be incomplete without ____.', 0, 1, NULL),
(29, 'Next from J.K. Rowling: Harry Potter and the Chamber of ____.', 0, 1, NULL),
(30, '____. Betcha can''t have just one!', 0, 1, NULL),
(31, 'White people like ____.', 0, 1, NULL),
(32, '____. High five, bro.', 0, 1, NULL),
(33, 'During sex, I like to think about ____.', 0, 1, NULL),
(35, 'BILLY MAYS HERE FOR ____.', 0, 1, NULL),
(37, 'When I''m in prison, I''ll have ____ smuggled in.', 0, 1, NULL),
(45, 'When I am the President of the United States, I will create the Department of ____.', 0, 1, NULL),
(46, 'Major League Baseball has banned ____ for giving players an unfair advantage.', 0, 1, NULL),
(47, 'When I am a billionare, I shall erect a 50-foot statue to commemorate ____.', 0, 1, NULL),
(51, '____. It''s a trap!', 0, 1, NULL),
(52, 'Coming to Broadway this season, ____: The Musical.', 0, 1, NULL),
(54, 'After Hurricane Katrina, Sean Penn brought ____ to all the people of New Orleans.', 0, 1, NULL),
(55, 'Due to a PR fiasco, Walmart no longer offers ____.', 0, 1, NULL),
(57, 'But before I kill you, Mr. Bond, I must show you ____.', 0, 1, NULL),
(60, 'When Pharaoh remained unmoved, Moses called down a plague of ____.', 0, 1, NULL),
(61, 'The class field trip was completely ruined by ____.', 0, 1, NULL),
(64, 'In Michael Jackson''s final moments, he thought about ____.', 0, 1, NULL),
(65, 'In an attempt to reach a wider audience, the Smithsonian Museum of Natural History has opened an interactive exhibit on ____.', 0, 1, NULL),
(67, 'Studies show that lab rats navigate mazes 50% faster after being exposed to ____.', 0, 1, NULL),
(68, 'I do not know with which weapons World War III will be fought, but World War IV will be fought with ____.', 0, 1, NULL),
(69, 'Life was difficult for cavemen before ____.', 0, 1, NULL),
(72, '____: Good to the last drop.', 0, 1, NULL),
(74, '____: kid-tested, mother-approved.', 0, 1, NULL),
(78, 'And the Academy Award for ____ goes to ____.', 0, 2, NULL),
(79, 'For my next trick, I will pull ____ out of ____.', 0, 2, NULL),
(80, '____ is a slippery slope that leads to ____.', 0, 2, NULL),
(81, 'In M. Night Shyamalan''s new movie, Bruce Willis discovers that ____ had really been ____ all along.', 0, 2, NULL),
(82, 'In a world ravaged by ____, our only solace is ____.', 0, 2, NULL),
(83, 'In his new summer comedy, Rob Schneider is ____ trapped in the body of ____.', 0, 2, NULL),
(85, 'I never truly understood ____ until I encountered ____.', 0, 2, NULL),
(88, 'When I was tripping on acid, ____ turned into ____.', 0, 2, NULL),
(89, 'That''s right, I killed ____. How, you ask? ____.', 0, 2, NULL),
(90, '____ + ____ = ____.', 2, 3, NULL),
(506, 'What is Curious George so curious about?', 0, 1, 'RS'),
(1001, 'test', 0, 1, NULL),
(1003, 'Starting Canadian Black Cards', 0, 1, NULL),
(1009, 'End Canadian Black Cards', 0, 1, NULL),
(1033, 'end bonus misprint bonus card', 0, 1, NULL),
(1044, 'begin First Expansion', 0, 1, NULL),
(1065, 'end first expansion', 0, 1, NULL),
(1004, 'O Canada, we stand on guard for ____.', 0, 1, 'CAN'),
(1005, 'Air Canada guidelines now prohibit ____ on airplanes.', 0, 1, 'CAN'),
(1006, 'In an attempt to reach a wider audience, the Royal Ontario Museum has opened an interactive exhibit on ____.', 0, 1, 'CAN'),
(1007, 'CTV presents ____, the story of ____.', 0, 2, 'CAN'),
(1008, 'What''s the Canadian government using to inspire rural students to succeed?', 0, 1, 'CAN'),
(1045, 'He who controls ____ controls the world.', 0, 1, 'X1'),
(1046, 'The CIA now interrogates enemy agents by repeatedly subjecting them to ____.', 0, 1, 'X1'),
(1047, 'Dear Sir or Madam, We regret to inform you that the Office of ____ has denied your request for ____.', 0, 2, 'X1'),
(1048, 'In Rome, there are whisperings that the Vatican has a secret room devoted to ____.', 0, 1, 'X1'),
(1049, 'Science will never explain the origin of ____.', 0, 1, 'X1'),
(1050, 'When all else fails, I can always masturbate to ____.', 0, 1, 'X1'),
(1051, 'I learned the hard way that you can''t cheer up a grieving friend with ____.', 0, 1, 'X1'),
(1052, 'In its new tourism campaign, Detroit proudly proclaims that it has finally eliminated ____.', 0, 1, 'X1'),
(1053, 'An international tribunal has found ____ guilty of ____.', 0, 2, 'X1'),
(1054, 'The socialist governments of Scandinavia have declared that access to ____ is a basic human right.', 0, 1, 'X1'),
(1055, 'In his new self-produced album, Kanye West raps over the sounds of ____.', 0, 1, 'X1'),
(1056, 'What''s the gift that keeps on giving?', 0, 1, 'X1'),
(1057, 'This season on Man vs. Wild, Bear Grylls must survive in the depths of the Amazon with only ____ and his wits.', 0, 1, 'X1'),
(1058, 'When I pooped, what came out of my butt?', 0, 1, 'X1'),
(1059, 'In the distant future, historians will agree that ____ marked the beginning of America''s decline.', 0, 1, 'X1'),
(1060, 'In a pinch, ____ can be a suitable substitute for ____.', 0, 2, 'X1'),
(1061, 'What has been making life difficult at the nudist colony?', 0, 1, 'X1'),
(1062, 'Michael Bay''s new three-hour action epic pits ____ against ____.', 0, 2, 'X1'),
(507, 'What is the next big sideshow attraction?', 0, 1, 'RS'),
(508, 'Praise ____!', 0, 1, 'RS'),
(93, 'What''s the next superhero/sidekick duo?', 0, 2, '1.2'),
(509, 'Keith Richards enjoys ____ on his food.', 0, 1, 'RS'),
(1032, 'Daddy, why is Mommy crying?', 0, 1, 'B'),
(1063, 'And I would have gotten away with it, too, if it hadn''t been for ____!', 0, 1, 'X1'),
(1064, 'What brought the orgy to a grinding halt?', 0, 1, 'X1'),
(1156, 'During his midlife crisis, my dad got really into ____.', 0, 1, 'X2'),
(1157, '____ would be woefully incomplete without ____.', 0, 2, 'X2'),
(1158, 'My new favorite porn star is Joey "____" McGee.', 0, 1, 'X2'),
(1159, 'Before I run for president, I must destroy all evidence of my involvement with ____.', 0, 1, 'X2'),
(1160, 'This is your captain speaking. Fasten your seatbelts and prepare for ____.', 0, 1, 'X2'),
(1161, 'In his newest and most difficult stunt, David Blaine must escape from ____.', 0, 1, 'X2'),
(1162, 'The Five Stages of Grief: denial, anger, bargaining, ____, acceptance.', 0, 1, 'X2'),
(1163, 'My mom freaked out when she looked at my browser history and found ____.com/____.', 0, 2, 'X2'),
(1164, 'I went from ____ to ____, all thanks to ____.', 2, 3, 'X2'),
(1165, 'Members of New York''s social elite are paying thousands of dollars just to experience ____.', 0, 1, 'X2'),
(1166, 'This month''s Cosmo: "Spice up your sex life by bringing ____ into the bedroom."', 0, 1, 'X2'),
(1167, 'Little Miss Muffet Sat on a tuffet, Eating her curds and ____.', 0, 1, 'X2'),
(1168, 'If God didn''t want us to enjoy ____, he wouldn''t have given us ____.', 0, 2, 'X2'),
(1169, 'My country, ''tis of thee, sweet land of ____.', 0, 1, 'X2'),
(1170, 'After months of debate, the Occupy Wall Street General Assembly could only agree on "More ____!"', 0, 1, 'X2'),
(1171, 'I spent my whole life working toward ____, only to have it ruined by ____.', 0, 2, 'X2'),
(1172, 'Next time on Dr. Phil: How to talk to your child about ____.', 0, 1, 'X2'),
(1173, 'Only two things in life are certain: death and ____.', 0, 1, 'X2'),
(1174, 'Everyone down on the ground! We don''t want to hurt anyone. We''re just here for ____.', 0, 1, 'X2'),
(1175, 'The healing process began when I joined a support group for victims of ____.', 0, 1, 'X2'),
(1176, 'The votes are in, and the new high school mascot is ____.', 0, 1, 'X2'),
(1177, 'Charades was ruined for me forever when my mom had to act out ____.', 0, 1, 'X2'),
(1178, 'Before ____, all we had was ____.', 0, 2, 'X2'),
(1179, 'Tonight on 20/20: What you don''t know about ____ could kill you.', 0, 1, 'X2'),
(1180, 'You haven''t truly lived until you''ve experienced ____ and ____ at the same time.', 0, 2, 'X2'),
(1275, 'Big Mac sleeps soundly whenever ____ is with him.', 0, 1, 'MLP'),
(1257, '____ has won the national Equestrian award for ____.', 0, 2, 'MLP'),
(1260, '____ is best pony.', 0, 1, 'MLP'),
(1262, '____ should ____ ____.', 2, 3, 'MLP'),
(1264, '____? That''s future Spike''s problem.', 0, 1, 'MLP'),
(1265, 'After a wild night of crusading, Applebloom learned that ____ was her super special talent.', 0, 1, 'MLP'),
(1267, 'After a wild night of partying, Fluttershy awakens to find ____ in her bed.', 0, 1, 'MLP'),
(1268, 'After living for thousands of years Celestia can only find pleasure in ____.', 0, 1, 'MLP'),
(1270, 'Aloe and Lotus have been experimenting with a radical treatment that utilizes the therapeutic properties of ____.', 0, 1, 'MLP'),
(5, '____? There''s an app for that.', 0, 1, NULL),
(91, 'Maybe she''s born with it. Maybe it''s ____.', 0, 1, '1.2'),
(94, 'In L.A. County Jail, word is you can trade 200 cigarettes for ____.', 0, 1, '1.2'),
(95, 'After the earthquake, Sean Penn brought ____ to the people of Haiti.', 0, 1, '1.2'),
(96, 'Next on ESPN2, the World Series of ____.', 0, 1, '1.2'),
(97, 'Step 1: ____. Step 2: ____. Step 3: Profit.', 0, 2, '1.2'),
(98, 'Life for American Indians was forever changed when the White Man introduced them to ____.', 0, 1, '1.2'),
(1277, 'BUY SOME ____!', 0, 1, 'MLP'),
(1279, 'CUTIE MARK CRUSADERS; ____! YAY!', 0, 1, 'MLP'),
(1281, 'Daring Do and the quest for ____.', 0, 1, 'MLP'),
(1283, 'Dear Princess Celestia, Today I learned about ____. ', 0, 1, 'MLP'),
(1285, 'Despite everypony''s expectations, Sweetie Belle''s cutie mark ended up being ____.', 0, 1, 'MLP'),
(1287, 'Equestrian researchers have discovered that ____ is The 7th Element of Harmony.', 0, 1, 'MLP'),
(1289, 'Every Morning, Princess Celestia Rises ____.', 0, 1, 'MLP'),
(1303, 'In a stroke of unparalleled evil, Discord turned ____ into ____.', 0, 2, 'MLP'),
(1305, 'In a world without humans, saddles are actually made for ____.', 0, 1, 'MLP'),
(1306, 'Inexplicably, the only thing the parasprites wouldn''t eat was ____.', 0, 1, 'MLP'),
(1309, 'It turns out Hitler''s favorite pony was ____.', 0, 1, 'MLP'),
(1311, 'It''s not a boulder! It''s ____!', 0, 1, 'MLP'),
(1313, 'Lauren Faust was shocked to find ____ in her mailbox.', 0, 1, 'MLP'),
(1315, 'Luna didn''t help in the fight against Chrysalis because she was too busy with ____.', 0, 1, 'MLP'),
(1317, 'My cutie mark would be ____.', 0, 1, 'MLP'),
(1319, 'Not many people know that Tara Strong is also the voice of ____.', 0, 1, 'MLP'),
(1321, 'Nothing makes Pinkie smile more than ____.', 0, 1, 'MLP'),
(1458, 'This holiday season, Tim Allen must overcome his fear of ____ to save Christmas.', 0, 1, '?'),
(1459, 'Jesus is ____.', 0, 1, '?'),
(1462, 'On the third day of Christmas, my true love gave to me: three French hens, two turtle doves, and ____.', 0, 1, '?'),
(1463, 'Wake up, America. Christmas is under attack by secular liberals and their ____.', 0, 1, '?'),
(1291, 'Everypony was shocked to discover that Scootaloo''s cutie mark was ____.', 0, 1, 'MLP'),
(1292, 'Giggle at ____!', 0, 1, 'MLP'),
(1295, 'I never knew what ____ could be, until you all shared its ____ with me.', 0, 2, 'MLP'),
(1297, 'I''d like to be ____.', 0, 1, 'MLP'),
(1301, 'In a fit of rage, Princess Celestia sent ____ to the ____ for ____.', 2, 3, 'MLP'),
(1323, 'Once upon a time, the land of Equestria was ruled by ____ and ____.', 0, 2, 'MLP'),
(1325, 'Ponyville is widely known for ____.', 0, 1, 'MLP'),
(1327, 'Ponyville was shocked to discover ____ in Fluttershy''s shed.', 0, 1, 'MLP'),
(1329, 'Prince Blueblood''s cutie mark represents ____.', 0, 1, 'MLP'),
(1330, 'Rainbow Dash has always wanted ____.', 0, 1, 'MLP'),
(1345, 'Rainbow Dash is the only pony in all of Equestria who can ____.', 0, 1, 'MLP'),
(1347, 'Rainbow Dash received a concussion after flying into ____.', 0, 1, 'MLP'),
(1350, 'Rarity has a long forgotten line of clothing inspired by ____.', 0, 1, 'MLP'),
(1352, 'Rarity was supposed to have a song about ____, but it was cut.', 0, 1, 'MLP'),
(1353, 'Rarity''s latest dress design was inspired by ____.', 0, 1, 'MLP'),
(1354, 'Should the Elements of Harmony fail, ____ is to be used as a last resort.', 0, 1, 'MLP'),
(1355, 'Super Speedy ____ Squeezy 5000.', 0, 1, 'MLP'),
(1356, 'Surprisingly, Canterlot has a museum of ____.', 0, 1, 'MLP'),
(1359, '____. That is my fetish.', 0, 1, 'MLP'),
(1361, 'The Elements of Harmony were originally the Elements of ____.', 0, 1, 'MLP'),
(1363, 'The Everfree forest is full of ____.', 0, 1, 'MLP'),
(1365, 'The national anthem of Equestria is ____.', 0, 1, 'MLP'),
(1366, 'The only way to get Opal in the bath is with ____.', 0, 1, 'MLP'),
(1369, 'The worst mishap caused by Princess Cadance was when she made ____ and ____ fall in love.', 0, 2, 'MLP'),
(1370, 'To much controversy, Princess Celestia made ____ illegal.', 0, 1, 'MLP'),
(1371, 'Today, Mayor Mare announced her official campaign position on ____ and ____. No pony was the least bit surprised.', 0, 2, 'MLP'),
(1372, 'Twilight got bored with the magic of friendship, and now studies the magic of ____.', 0, 1, 'MLP'),
(1373, 'Twilight Sparkle owns far more books on ____ than she''d like to admit.', 0, 1, 'MLP'),
(1374, 'When Luna got to the moon, she was greeted with ____.', 0, 1, 'MLP'),
(1375, 'When Spike is asleep, Twilight likes to read books about ____.', 0, 1, 'MLP'),
(1376, 'Without any warning, Pinkie Pie burst into a song about ____.', 0, 1, 'MLP'),
(1377, 'You''re a human transported to Equestria! The first thing you''d look for is ____.', 0, 1, 'MLP'),
(1378, 'Zecora is a well known supplier of ____ and ____.', 0, 2, 'MLP'),
(1460, 'Every Christmas, my uncle gets drunk and tells the story about ____.', 0, 1, '?'),
(1461, 'What keeps me warm during the cold, cold winter?', 0, 1, '?'),
(1457, 'After blacking out during New Year''s Eve, I was awoken by ____.', 0, 1, '?'),
(99, '____ Jesus is the Jesus of ____.', 0, 2, 'VS'),
(100, '____ ALL THE ____.', 0, 2, 'VS'),
(101, 'There were ALOT of ____ doing ____.', 0, 2, 'VS'),
(102, 'Dogimo would give up ____ to type a six sentence paragraph in a thread.', 0, 1, 'VS'),
(103, 'Simple dog ate and vomited ____.', 0, 1, 'VS'),
(104, 'When I was 25, I won an award for ____.', 0, 1, 'VS'),
(105, 'I''m more awesome than a T-rex because of ____.', 0, 1, 'VS'),
(106, '____ in my pants.', 0, 1, 'VS'),
(107, 'We need to talk about your whole gallon of ____.', 0, 1, 'VS'),
(108, 'Clean ALL the ____.', 0, 1, 'VS'),
(109, 'The first rule of Jade Club is ____.', 0, 1, 'VS'),
(110, 'The forum nearly broke when ____ posted ____ in The Dead Thread.', 0, 2, 'VS'),
(111, 'A mod war about ____ occurred during ____.', 0, 2, 'VS'),
(112, 'No one likes me after I posted ____ in the TMI thread.', 0, 1, 'VS'),
(113, '____ was banned from tinychat because of ____.', 0, 2, 'VS'),
(114, '____ for president!', 0, 1, 'VS'),
(115, 'I did ____, like a fucking adult.', 0, 1, 'VS'),
(116, 'Domo travelled across ____ to win the prize of ____.', 0, 2, 'VS'),
(117, 'Roses and her hammer collection defeated an entire squadron of ____.', 0, 1, 'VS'),
(118, 'After Blue posted ____ in chat, I never trusted his links again.', 0, 1, 'VS'),
(119, 'Fuck you, I''m a ____.', 0, 1, 'VS'),
(120, 'Cunnilungus and psychiatry brought us to ____.', 0, 1, 'VS'),
(121, 'I CAN ____ ACROSS THE ____.', 0, 2, 'VS'),
(122, '____ is the only thing that matters.', 0, 1, 'VS'),
(123, 'I''m an expert on ____.', 0, 1, 'VS'),
(510, 'What can you always find in between the couch cushions?', 0, 1, 'RS'),
(125, 'I want ____ in my mouflon RIGHT MEOW.', 0, 1, 'VS'),
(126, 'Don''t get mad, get ____.', 0, 1, 'VS'),
(127, 'Have fun, don''t be ____.', 0, 1, 'VS'),
(128, 'It''s the end of ____ as we know it.', 0, 1, 'VS'),
(129, '____ is my worst habit.', 0, 1, 'VS'),
(130, 'Everything''s better with ____.', 0, 1, 'VS'),
(131, 'Yaar''s mother is ____.', 0, 1, 'VS'),
(132, 'What would you taste like?', 0, 1, 'VS'),
(133, 'What have you accomplished today?', 0, 1, 'VS'),
(134, 'What made you happy today?', 0, 1, 'VS'),
(135, 'Why are you frothing with rage?', 0, 1, 'VS'),
(136, 'What mildy annoyed you today?', 0, 1, 'VS'),
(137, 'We''ll always have ____.', 0, 1, 'VS'),
(138, '____ uses ____. It is SUPER EFFECTIVE!', 0, 2, 'VS'),
(139, 'Let''s all rock out to the sounds of ____.', 0, 1, 'VS'),
(140, 'Take ____, it will last longer.', 0, 1, 'VS'),
(141, 'You have my bow. AND MY ____.', 0, 1, 'VS'),
(142, 'VS: Where the ____ happens!', 0, 1, 'VS'),
(143, '____? FRY. EYES.', 0, 1, 'VS'),
(144, 'A wild ____ appeared! It used ____!', 0, 2, 'VS'),
(145, 'I thought being a ____ was the best thing ever, until I became a ____.', 0, 2, 'VS'),
(146, 'Live long and ____.', 0, 1, 'VS'),
(511, 'The victim was found with ____.', 0, 1, 'RS'),
(148, 'I''m under the ____.', 0, 1, 'VS'),
(149, 'If life gives you ____, make ____.', 0, 2, 'VS'),
(150, 'Who needs a bidet when you have ____?', 0, 1, 'VS'),
(151, 'Kill it with ____!', 0, 1, 'VS'),
(152, 'My ____ is too big!', 0, 1, 'VS'),
(153, 'Best drink ever: One part ____, three parts ____, and a splash of ____.', 2, 3, 'VS'),
(154, '____ makes me uncomfortable.', 0, 1, 'VS'),
(155, 'Stop, drop, and ____.', 0, 1, 'VS'),
(156, 'Think before you ____.', 0, 1, 'VS'),
(157, 'The hills are alive with ____ of ____.', 0, 2, 'VS'),
(512, 'What is love without ____?', 0, 1, 'RS'),
(100004, 'test<sup>®</sup><br><i>italic</i>™<br><span class="card_number"><b>?</b></span>', 0, 1, 'test'),
(100006, '____ is the name of my ____ cover band.', 0, 2, 'SG'),
(100016, 'Alcoholic games of Clue® lead to ____.', 0, 1, 'SG'),
(100027, 'I have an idea even better than Kickstarter, and it''s called ____starter.', 0, 1, 'PAX A'),
(100028, 'You have been waylaid by ____ and must defend yourself.', 0, 1, 'PAX A'),
(100037, 'Action stations! Action stations! Set condition one throughout the fleet and brace for ____!', 0, 1, 'PAX B'),
(100038, 'In the final round of this year''s Omegathon, Omeganauts must face off in a game of ____.', 0, 1, 'PAX B'),
(100047, 'Press <span class="card_number">?</span><span class="card_number">?</span><span class="card_number">?</span><span class="card_number">?</span><span class="card_number">B</span> to unleash ____.', 0, 1, 'PAX C'),
(100048, 'I don''t know exactly how I got the PAX plague, but I suspect it had something to do with ____.', 0, 1, 'PAX C'),
(100054, '____: Hours of fun. Easy to use. Perfect for ____!', 0, 2, 'X3'),
(100058, 'Turns out that ____-Man was neither the hero we needed nor wanted.', 0, 1, 'X3'),
(100059, 'What left this stain on my couch?', 0, 1, 'X3'),
(100065, 'Call the law offices of Goldstein & Goldstein, because no one should have to tolerate ____ in the workplace.', 0, 1, 'X3'),
(100066, 'A successful job interview begins with a firm handshake and ends with ____.', 0, 1, 'X3'),
(100070, 'Lovin'' you is easy ''cause you''re ____.', 0, 1, 'X3'),
(100074, 'Money can''t buy me love, but it can buy me ____.', 0, 1, 'X3'),
(100078, 'Listen, son. If you want to get involved with ____, I won''t stop you. Just steer clear of ____.', 0, 2, 'X3'),
(100085, 'During high school, I never really fit in until I found ____ club.', 0, 1, 'X3'),
(100089, 'Hey baby, come back to my place and I''ll show you ____.', 0, 1, 'X3'),
(100093, 'To prepare for his upcoming role, Daniel Day-Lewis immersed himself in the world of ____.', 0, 1, 'X3'),
(100094, 'Finally! A service that delivers ____ right to your door.', 0, 1, 'X3'),
(100095, 'My gym teacher got fired for adding ____ to the obstacle course.', 0, 1, 'X3'),
(100096, 'When you get right down to it, ____ is just ____.', 0, 2, 'X3'),
(100097, 'As part of his daily regimen, Anderson Cooper sets aside 15 minutes for ____.', 0, 1, 'X3'),
(100098, 'In the seventh circle of Hell, sinners must endure ____ for all eternity.', 0, 1, 'X3'),
(100100, 'After months of practice with ____, I think I''m finally ready for ____.', 0, 2, 'X3'),
(100103, 'The blind date was going horribly until we discovered our shared interest in ____.', 0, 1, 'X3'),
(100104, '____. Awesome in theory, kind of a mess in practice.', 0, 1, 'X3'),
(100105, 'With enough time and pressure, ____ will turn into ____.', 0, 2, 'X3'),
(100106, 'I''m not like the rest of you. I''m too rich and busy for ____.', 0, 1, 'X3'),
(100108, 'And what did <i>you</i> bring for show and tell?', 0, 1, 'X3'),
(100110, 'Having problems with ____? Try ____!', 0, 2, 'X3'),
(100113, 'As part of his contract, Prince won''t perform without ____ in his dressing room.', 0, 1, 'X3'),
(100155, '____.tumblr.com', 0, 1, 'SG'),
(17, 'What''s the next Happy Meal® toy?', 0, 1, NULL),
(100092, 'My life is ruled by a vicious cycle of ____ and ____.', 0, 2, 'X3'),
(124, 'After I saw ____, I needed ____.', 0, 2, 'VS'),
(100007, '____ with ____ in ____.', 2, 3, 'SG'),
(147, 'There''s ____ in my soup.', 0, 1, 'VS'),
(158, '____ caused Northernlion to take stupid damage.', 0, 1, 'NL'),
(159, '____ Is the best item in The Binding of Isaac.', 0, 1, 'NL'),
(160, '____ is the worst item in The Binding of Isaac.', 0, 1, 'NL'),
(161, '____ is/are Northernlion''s worst nightmare.', 0, 1, 'NL'),
(162, '____ sounds like a great alternative rock band.', 0, 1, 'NL'),
(163, '____: The Northernlion Story.', 0, 1, 'NL'),
(164, '____? Well, I won''t look a gift horse in the mouth on that one.', 0, 1, 'NL'),
(165, '____. Everything else is uncivilized.', 0, 1, 'NL'),
(166, '"Hey everybody and welcome to Let''s Look At ____!"', 0, 1, 'NL'),
(167, 'As always, I will ____ you next time!', 0, 1, 'NL'),
(168, 'Best game of 2013? ____, of course.', 0, 1, 'NL'),
(169, 'But that ____ has sailed.', 0, 1, 'NL'),
(87, 'Lifetime® presents ____, the story of ____.', 0, 2, NULL),
(92, 'Dear Abby,<br><br>I''m having some trouble with ____ and would like your advice.', 0, 1, '1.2'),
(170, 'Even ____ is/are better at video games than Northernlion.', 0, 1, 'NL'),
(171, 'Everything''s coming up ____.', 0, 1, 'NL'),
(172, 'Finding something like ____ would turn this run around.', 0, 1, 'NL'),
(173, 'Fuck the haters, this is ____.', 0, 1, 'NL'),
(174, 'Get in my ____ zone.', 0, 1, 'NL'),
(175, 'How do you get your dog to stop humping your leg?', 0, 1, 'NL'),
(176, 'I can do ____ and die immediately afterward.', 0, 1, 'NL'),
(177, 'I don''t even see ____ anymore; all I see are blondes, brunettes, redheads...', 0, 1, 'NL'),
(178, 'I''m in the permanent ____ state.', 0, 1, 'NL'),
(179, 'If sloth ____ are wrong I don’t want to be right.', 0, 1, 'NL'),
(180, 'Invaded the world of ____.', 0, 1, 'NL'),
(181, 'It''s ____, ya dangus!', 0, 1, 'NL'),
(182, 'JSmithOTI: Total ____.', 0, 1, 'NL'),
(183, 'Legend has it, the Thug of Porn was arrested for ____.', 0, 1, 'NL'),
(184, 'Let''s Look At: ____.', 0, 1, 'NL'),
(185, 'Northernlion''s latest novelty Twitter account is @____.', 0, 1, 'NL'),
(186, 'More like the Duke of ____, right?', 0, 1, 'NL'),
(187, 'No one man should have all that ____.', 0, 1, 'NL'),
(188, 'Northernlion has been facing ridicule for calling ____ a rogue-like.', 0, 1, 'NL'),
(189, 'Northernlion always forgets the name of ____.', 0, 1, 'NL'),
(190, 'Northernlion''s refusal to Let''s Play ____ was probably a good call.', 0, 1, 'NL'),
(191, 'Of all the things that Ryan and Josh have in common, they bond together through their mutual love of ____.', 0, 1, 'NL'),
(192, 'Oh god, I can''t believe we ate ____ at PAX.', 0, 1, 'NL'),
(193, 'One thing Northernlion was right about was ____.', 0, 1, 'NL'),
(194, 'Only in Korea can you see ____.', 0, 1, 'NL'),
(195, 'Praise the ____!', 0, 1, 'NL'),
(196, 'Recently, Northernlion has felt woefully insecure due to ____.', 0, 1, 'NL'),
(197, 'Roguelike? How about ___-like.', 0, 1, 'NL'),
(198, 'Sometimes, a man''s just gotta ____.', 0, 1, 'NL'),
(199, 'The hero of the stream was ____.', 0, 1, 'NL'),
(200, 'The stream was going well until ____.', 0, 1, 'NL'),
(201, 'The Youtube chat proved ineffective, so instead we had to communicate via ____.', 0, 1, 'NL'),
(202, '____? It''s a DLC item.', 0, 1, 'NL'),
(203, 'This new game is an interesting ____-like-like.', 0, 1, 'NL'),
(204, 'We''re rolling in ____!', 0, 1, 'NL'),
(205, 'Whenever I ___, take a drink.', 0, 1, 'NL'),
(206, 'Today''s trivia topic is ____.', 0, 1, 'NL'),
(207, 'What do you give to the CEO of Youtube as a gift?', 0, 1, 'NL'),
(208, 'The only way NL is ever going to make it to Hell in Spelunky is by using ____.', 0, 1, 'NL'),
(209, 'That ____ has sailed.', 0, 1, 'NL'),
(210, 'Welcome back to The Binding of Isaac. Today''s challenge run will be based on  ____.', 0, 1, 'NL'),
(211, 'Well there''s nothing wrong with ____ by any stretch of the imagination.', 0, 1, 'NL'),
(212, 'I''d sacrifice ____ at the Altar.', 0, 1, 'NL'),
(213, 'Fox would still be here if not for ____.', 0, 1, 'NL'),
(214, 'The Holy Trinity: ____, ____, and ____!', 2, 3, 'NL'),
(215, 'I wasn''t even that drunk! I just had some ____, ____, and ____.', 2, 3, 'NL'),
(216, '____ was indicted on account of ____.', 0, 2, 'NL'),
(217, '____: The ____ Story.', 0, 2, 'NL'),
(218, 'And now we''re going to be fighting ____ on the ____.', 0, 2, 'NL'),
(219, 'Hello everybody, welcome to a new episode of ____ plays ____.', 0, 2, 'NL'),
(220, 'I beat Blue Baby with only ____ and ____!', 0, 2, 'NL'),
(221, 'Northernlion has alienated fans of ____ by calling them ____.', 0, 2, 'NL'),
(222, 'Northernlion was fired from his teaching job and had to flee South Korea after an incident involving  ____ and ____.', 0, 2, 'NL'),
(223, 'Northernlion''s doctor diagnosed him today with ____ an unfortunate condition that would lead to ____.', 0, 2, 'NL'),
(100159, 'Don''t slow down in East Cleveland or ____.', 0, 1, 'SG'),
(53, 'While the United States raced the Soviet Union to the moon, the Mexican government funneled millions of pesos into research on ____.', 0, 1, NULL),
(226, 'My life for ____!', 0, 1, 'RS'),
(513, 'Who let the dogs out?', 0, 1, 'RS'),
(514, 'In his next movie, Will Smith saves the world from ____.', 0, 1, 'RS'),
(515, 'Lady Gaga has revealed her new dress will be made of ____.', 0, 1, 'RS'),
(516, 'Justin Beiber''s new song is all about ____.', 0, 1, 'RS'),
(517, 'The new fad diet is all about making people do ____ and eat ____.', 0, 2, 'RS'),
(518, 'Grand Theft Auto™: ____.', 0, 1, 'RS'),
(519, 'I whip my ____ back and forth.', 0, 1, 'RS'),
(520, 'When North Korea gets ____, it will be the end of the world.', 0, 1, 'RS'),
(521, 'Plan a three course meal.', 2, 3, 'RS'),
(522, 'Tastes like ____.', 0, 1, 'RS'),
(523, 'What is literally worse than Hitler?', 0, 1, 'RS'),
(524, '____ ruined many people''s childhood.', 0, 1, 'RS'),
(525, '____ and ____ are the new hot couple.', 0, 2, 'RS'),
(526, 'Who needs college when you have ____.', 0, 1, 'RS'),
(527, 'When short on money, you can always ____.', 0, 1, 'RS'),
(528, 'What will Xyzzy take over the world with?', 0, 1, 'RS'),
(529, 'The next pokemon will combine ____ and ____.', 0, 2, 'RS'),
(530, 'Who is GLaDOS''s next test subject?', 0, 1, 'RS'),
(531, 'Instead of playing Cards Against Humanity, you could be ____.', 0, 1, 'RS'),
(532, 'The next Assassin''s Creed game will take place in ____.', 0, 1, 'RS'),
(533, 'I wouldn''t fuck ____ with ____''s dick.', 0, 2, 'RS'),
(534, 'One does not simply walk into ____.', 0, 1, 'RS'),
(535, 'In the next Punch Out!!, ____ will be the secret final boss.', 0, 1, 'RS'),
(536, 'Welcome to my secret lair on ____.', 0, 1, 'RS'),
(537, 'Dustin Browder demands more ____ in StarCraft®.', 0, 1, 'RS'),
(538, 'What is the answer to life''s question?', 0, 1, 'RS'),
(539, 'I''ve got the whole world in my ____.', 0, 1, 'RS'),
(540, 'I never thought ____ would be so enjoyable.', 0, 1, 'RS'),
(541, 'In his second term, Obama will rid America of ____.', 0, 1, 'RS'),
(542, 'What is Japan''s national pastime?', 0, 1, 'RS'),
(543, 'In the future, ____ will fuel our cars.', 0, 1, 'RS'),
(544, 'The lion, the witch, and ____.', 0, 1, 'RS'),
(545, 'In the next episode, SpongeBob gets introduced to ____. ', 0, 1, 'RS'),
(546, '____ Game of the Year Edition.', 0, 1, 'RS'),
(547, 'What was going through Osama Bin Laden''s head before he died?', 0, 1, 'RS'),
(548, 'In a news conference, Obama pulled out ____, to everyone''s surprise.', 0, 1, 'RS'),
(549, 'Nights filled with ____.', 0, 1, 'RS'),
(738, 'To top One More Day, future comic writers will use ____ to break up a relationship.', 0, 1, 'TGWTG'),
(739, 'The real reason MAGFest was ruined was ____.', 0, 1, 'TGWTG'),
(740, 'The reason Linkara doesn''t like milk in his cereal is ____.', 0, 1, 'TGWTG'),
(741, 'The secret of Linkara''s magic gun is ____.', 0, 1, 'TGWTG'),
(742, 'Hello, and welcome to "Atop the ____", where ____ burns.', 0, 2, 'TGWTG'),
(743, 'For the next Anniversary event, the TGWTG producers must battle ____ to get ____.', 0, 2, 'TGWTG'),
(744, 'If a dog and a dolphin can get along, why not ____ and ____?', 0, 2, 'TGWTG'),
(745, 'If I wanted to see ____, I''ll stick with ____, thank you very much.', 0, 2, 'TGWTG'),
(746, 'I asked Linkara to retweet ____, but instead, he retweeted ____.', 0, 2, 'TGWTG'),
(747, 'I write slash fanfiction pairing ____ with ____.', 0, 2, 'TGWTG'),
(748, 'Last time I took bath salts, I ended up ____ in a ____', 0, 2, 'TGWTG'),
(749, 'Next time on Obscurus Lupa Presents: " ____ IV: The Return of ____".', 0, 2, 'TGWTG'),
(750, 'Tara taught me that if you''re going to ____, you really shouldn''t ____.', 0, 2, 'TGWTG'),
(751, 'Todd in the Shadows broke the Not a Rhyme button when the singer tried to rhyme ____ with ____.', 0, 2, 'TGWTG'),
(752, 'Welshy is to ____ as Sad Panda is to ____.', 0, 2, 'TGWTG'),
(753, 'Linkara''s next story arc will involve him defeating ____ with the power of  ____.', 0, 2, 'TGWTG'),
(754, 'Rock and Roll is nothing but ____ and the rage of ____!', 0, 2, 'TGWTG'),
(755, 'If you are able to deflect ____ with ____, we refer to it as "Frying the ____".', 2, 3, 'TGWTG'),
(756, 'Being fed up with reviewing lamps, what obscure topic did Linkara review next?', 0, 1, 'TGWTG'),
(225, 'When I was a kid, all we had in Lunchables were three ____ and ____.', 0, 2, 'NL'),
(224, 'On its last dying breath, ____ sent out a cry for help. A bunch of ____ heard the cry.', 0, 2, 'NL'),
(100203, 'At the last PAX, Paul and Storm had ____ thrown at them during "Opening Band".', 0, 1, 'SG'),
(100206, 'How did I lose my virginity?', 0, 1, '1.3'),
(100207, 'Here is the church<br>Here is the steeple<br>Open the doors<br>And there is ____.', 0, 1, '1.3'),
(100208, 'During his childhood, Salvador Dalí produced hundreds of paintings of ____.', 0, 1, '1.3'),
(6, 'This is the way the world ends  This is the way the world ends  Not with a bang but with ____.', 0, 1, NULL),
(100209, 'In 1,000 years, when paper money is a distant memory, how will we pay for goods and services?', 0, 1, '1.3'),
(34, 'War!<br><br>What is it good for?', 0, 1, NULL),
(100210, 'What don''t you want to find in your Kung Pao chicken?', 0, 1, '1.3'),
(84, 'Rumor has it that Vladimir Putin''s favorite delicacy is ____ stuffed with ____.', 0, 2, NULL),
(100217, 'The Smithsonian Museum of Natural History has just opened an exhibit on ____.', 0, 1, '1.3'),
(653, '____ is the reason Linkara doesn''t like to swear.', 0, 1, 'TGWTG'),
(654, '____ was completely avoidable!', 0, 1, 'TGWTG'),
(655, '____ will live!', 0, 1, 'TGWTG'),
(656, '____ is something else Diamanda Hagan has to live with every day.', 0, 1, 'TGWTG'),
(657, '____ should be on TGWTG.', 0, 1, 'TGWTG'),
(658, '____ was the first thing to go when Hagan took over the world.', 0, 1, 'TGWTG'),
(659, '____! What are you doing here?', 0, 1, 'TGWTG'),
(660, '____! You know, for kids.', 0, 1, 'TGWTG'),
(661, 'I love ____. It''s so bad.', 0, 1, 'TGWTG'),
(662, 'Hello, I''m the Nostalgia Critic. I ____ so you don''t have to.', 0, 1, 'TGWTG'),
(663, '____. With onions.', 0, 1, 'TGWTG'),
(664, '____ is the theme of this year''s anniversary crossover.', 0, 1, 'TGWTG'),
(665, 'A ____ Credit Card!?', 0, 1, 'TGWTG'),
(666, 'A piece of the ____ is missing.', 0, 1, 'TGWTG'),
(667, 'After a long day Brad Jones and Lloyd decide to kick back and ____.', 0, 1, 'TGWTG'),
(668, 'At least he didn''t fuck the ____.', 0, 1, 'TGWTG'),
(669, 'Blip checks are way smaller in January so I''ll spend the month riffing on ____ to gain more views.', 0, 1, 'TGWTG'),
(670, 'Brad Tries ____.', 0, 1, 'TGWTG'),
(671, 'Doug still regrets the day he decided to do a Let''s Play video for "Bart Simpson''s ____ Adventure".', 0, 1, 'TGWTG'),
(672, 'Enemies of Diamanda Hagan have been known to receive strange packages filled with  ____.', 0, 1, 'TGWTG'),
(673, 'High and away on a wing and a prayer, who could it be? Believe it or not, it''s just ____.', 0, 1, 'TGWTG'),
(674, 'What broke Nash this week?', 0, 1, 'TGWTG'),
(675, 'I ____ so you don''t have to.', 0, 1, 'TGWTG'),
(676, 'I AM THE VOICELESS. THE NEVER SHOULD. I AM ____.', 0, 1, 'TGWTG'),
(677, 'I prefer for MY exploitation films to have ____, thank you very much.', 0, 1, 'TGWTG'),
(678, 'I watch movies just to see if I can find a Big Lipped ____ Moment.', 0, 1, 'TGWTG'),
(679, 'I''m looking forward to Jesuotaku''s playthrough of Fire Emblem: ____.', 0, 1, 'TGWTG'),
(680, 'In her newest review, Diamanda Hagan finds herself itn he body of ____.', 0, 1, 'TGWTG'),
(681, 'In his latest review, Phelous was killed by ____.', 0, 1, 'TGWTG'),
(682, 'It was all going well until they found ____.', 0, 1, 'TGWTG'),
(683, 'JW confirms, you can play ____,', 0, 1, 'TGWTG'),
(684, 'Next January, the Nostalgia Critic is doing ____ Month.', 0, 1, 'TGWTG'),
(685, 'No one wants to see your ____.', 0, 1, 'TGWTG'),
(686, 'Of Course! Don''t you know anything about ____?', 0, 1, 'TGWTG'),
(687, 'OH MY GOD THIS IS THE GREATEST ____ I''VE EVER SEEN IN MY LIFE!', 0, 1, 'TGWTG'),
(688, 'On the other side of the Plot Hole, the Nostalgia Critic found ____.', 0, 1, 'TGWTG'),
(689, 'Reactions were mixed when ____ joined TGWTG.', 0, 1, 'TGWTG'),
(690, 'Sage has presented JO with the new ecchi series ____.', 0, 1, 'TGWTG'),
(691, 'Sean got his head stuck in ____.', 0, 1, 'TGWTG'),
(692, 'STOP OR I WILL ____.', 0, 1, 'TGWTG'),
(693, 'The invasion of Molassia was tragically thwarted by ____.', 0, 1, 'TGWTG'),
(694, 'The newest reviewer addition to the site specializes in ____.', 0, 1, 'TGWTG'),
(695, 'The next person to leave Channel Awesome will announce their departure via ____.', 0, 1, 'TGWTG'),
(696, 'The next Renegade Cut is about ____ in a beloved children''s movie.', 0, 1, 'TGWTG'),
(697, 'The Nostalgia Critic will NEVER review ____.', 0, 1, 'TGWTG'),
(698, 'The only thing Linkara would sell his soul for is ____.', 0, 1, 'TGWTG'),
(699, 'What is the real reason Demo Reel failed?', 0, 1, 'TGWTG'),
(700, 'The website was almost called "thatguywiththe____.com".', 0, 1, 'TGWTG'),
(701, 'They even took the ____! Who does that?!', 0, 1, 'TGWTG'),
(702, 'This weekend, the nation of Haganistan will once again commence its annual celebration of ____.  ', 0, 1, 'TGWTG'),
(703, 'To troll the RDA chat this time, Todd requested a song by ____.', 0, 1, 'TGWTG'),
(704, 'Todd knew he didn''t have a chance after trying to seduce Lupa with ____.', 0, 1, 'TGWTG'),
(705, 'Turns out, that wasn''t tea in MikeJ''s cup, it was ____.', 0, 1, 'TGWTG'),
(706, 'Viewers were shocked when Paw declared ____ the best song of the movie.', 0, 1, 'TGWTG'),
(707, 'WE WERE FIGHTING LIKE ____.', 0, 1, 'TGWTG'),
(708, 'Well, I''ve read enough fanfic about ____ and Lupa to last a lifetime.', 0, 1, 'TGWTG'),
(709, 'What does Nash like to sing about?', 0, 1, 'TGWTG'),
(710, 'What does Todd look like under his mask?', 0, 1, 'TGWTG'),
(711, 'What doesn''t go there?', 0, 1, 'TGWTG'),
(712, 'What doesn''t work that way?', 0, 1, 'TGWTG'),
(713, 'What else does Diamanda Hagan have to live with every day?', 0, 1, 'TGWTG'),
(714, 'What is in Sci Fi Guy''s vest?', 0, 1, 'TGWTG'),
(715, 'What the fuck is wrong with you?', 0, 1, 'TGWTG'),
(716, 'What will Tara name her next hippo?', 0, 1, 'TGWTG'),
(717, 'What''s holding up the site redesign?', 0, 1, 'TGWTG'),
(718, 'What''s really inside the Plot Hole?', 0, 1, 'TGWTG'),
(719, 'What''s the real reason nobody has ever played the TGWTG Panel Drinking Game?', 0, 1, 'TGWTG'),
(720, 'What''s up next on WTFIWWY?', 0, 1, 'TGWTG'),
(721, 'When the JesuOtaku stream got to the "awful part of the night," the GreatSG video featured ____.', 0, 1, 'TGWTG'),
(722, 'Why can''t Film Brain stop extending his final vowels?', 0, 1, 'TGWTG'),
(723, 'Why was Radio Dead Air shut down this time?', 0, 1, 'TGWTG'),
(724, '90''s Kid''s favorite comic is ____.', 0, 1, 'TGWTG'),
(725, 'Because poor literacy is ____.', 0, 1, 'TGWTG'),
(726, 'He is a glitch. He is missing. He is ____.', 0, 1, 'TGWTG'),
(727, 'In a surprise twist, the villain of Linkara''s next story arc turned out to be ____.', 0, 1, 'TGWTG'),
(728, 'Linkara now prefers to say ____ in lieu of "fuck".', 0, 1, 'TGWTG'),
(729, 'Of course!  Don''t you know anything about ___?', 0, 1, 'TGWTG'),
(730, 'Snowflame feels no ____.', 0, 1, 'TGWTG'),
(731, 'Snowflame found a new love besides cocaine. What is it?', 0, 1, 'TGWTG'),
(732, 'So let''s dig into ____ #1.', 0, 1, 'TGWTG'),
(733, 'You may be a robot, but I AM A ____!', 0, 1, 'TGWTG'),
(734, 'Where''d he purchase that?', 0, 1, 'TGWTG'),
(735, 'When is the next History of Power Rangers coming out?', 0, 1, 'TGWTG'),
(736, 'What is as low as the standards of the 90''s Kid?', 0, 1, 'TGWTG'),
(737, 'What delayed the next History of Power Rangers?', 0, 1, 'TGWTG'),
(100163, '____ has the "mount" keyword.', 0, 1, 'SG');

-- --------------------------------------------------------

--
-- Table structure for table `card_set`
--

DROP TABLE IF EXISTS `card_set`;
CREATE TABLE IF NOT EXISTS `card_set` (
  `id` int(11) NOT NULL,
  `active` tinyint(1) NOT NULL,
  `name` varchar(255) DEFAULT NULL,
  `base_deck` tinyint(1) NOT NULL,
  `description` varchar(255) DEFAULT NULL,
  `weight` int(11) NOT NULL DEFAULT '0',
  PRIMARY KEY (`id`)
) ENGINE=MyISAM DEFAULT CHARSET=latin1;

--
-- Dumping data for table `card_set`
--

INSERT INTO `card_set` (`id`, `active`, `name`, `base_deck`, `description`, `weight`) VALUES
(1151, 1, 'First Version', 1, 'The original version of the Cards Against Humanity base game.', 1),
(1152, 1, 'Second Version', 1, 'The updated version of the Cards Against Humanity base game.', 2),
(100211, 1, 'Third Version', 1, 'Another updated version of the Cards Against Humanity base game.', 3),
(1155, 1, 'The First Expansion', 0, 'The official First Expansion.', 10),
(1256, 1, 'The Second Expansion', 0, 'The official Second Expansion.', 11),
(1153, 1, 'Canadian', 0, 'Cards included in Canadian orders.', 20),
(1154, 1, 'Misprint Replacement Bonus Cards', 0, 'Bonus cards included with replacements for misprinted cards.', 21),
(1488, 1, '2012 Holiday Pack', 0, 'The 2012 Holiday Pack.', 22),
(100154, 1, 'The Third Expansion', 0, 'The official Third Expansion.', 12),
(100051, 1, 'PAX East 2013 Pack "C"', 0, 'PAX East 2013 Pack "C".', 32),
(100049, 1, 'PAX East 2013 Pack "A"', 0, 'PAX East 2013 Pack "A".', 30),
(100050, 1, 'PAX East 2013 Pack "B"', 0, 'PAX East 2013 Pack "B".', 31),
(100001, 1, '[CUSTOM] r/MLPLounge', 0, 'http://www.reddit.com/r/mlplounge/', 500),
(100002, 1, '[CUSTOM] Very Serious', 0, 'http://forum.verysrs.com/', 501),
(100157, 1, '[CUSTOM] Northernlion', 0, 'http://www.youtube.com/user/Northernlion', 502),
(100161, 1, '[CUSTOM] That Guy With The Glasses', 1, 'http://thatguywiththeglasses.com/', 503),
(100160, 1, '[CUSTOM] Ridiculously Stupid', 0, '', 504),
(100003, 1, '[CUSTOM] Admin''s Picks', 0, 'Custom cards that I think are particularly fitting.', 100),
(100017, 1, '[CUSTOM] SocialGamer', 0, 'Custom cards from the SocialGamer.net community.', 101);

-- --------------------------------------------------------

--
-- Table structure for table `card_set_black_card`
--

DROP TABLE IF EXISTS `card_set_black_card`;
CREATE TABLE IF NOT EXISTS `card_set_black_card` (
  `card_set_id` int(11) NOT NULL,
  `black_card_id` int(11) NOT NULL,
  PRIMARY KEY (`card_set_id`,`black_card_id`)
) ENGINE=MyISAM DEFAULT CHARSET=latin1;

--
-- Dumping data for table `card_set_black_card`
--

INSERT INTO `card_set_black_card` (`card_set_id`, `black_card_id`) VALUES
(1151, 1),
(1151, 2),
(1151, 3),
(1151, 4),
(1151, 5),
(1151, 6),
(1151, 7),
(1151, 8),
(1151, 9),
(1151, 10),
(1151, 11),
(1151, 12),
(1151, 13),
(1151, 14),
(1151, 15),
(1151, 16),
(1151, 17),
(1151, 18),
(1151, 19),
(1151, 20),
(1151, 21),
(1151, 22),
(1151, 23),
(1151, 24),
(1151, 25),
(1151, 26),
(1151, 27),
(1151, 28),
(1151, 29),
(1151, 30),
(1151, 31),
(1151, 32),
(1151, 33),
(1151, 34),
(1151, 35),
(1151, 36),
(1151, 37),
(1151, 38),
(1151, 39),
(1151, 40),
(1151, 41),
(1151, 42),
(1151, 43),
(1151, 44),
(1151, 45),
(1151, 46),
(1151, 47),
(1151, 48),
(1151, 49),
(1151, 50),
(1151, 51),
(1151, 52),
(1151, 53),
(1151, 54),
(1151, 55),
(1151, 56),
(1151, 57),
(1151, 58),
(1151, 59),
(1151, 60),
(1151, 61),
(1151, 62),
(1151, 63),
(1151, 64),
(1151, 65),
(1151, 66),
(1151, 67),
(1151, 68),
(1151, 69),
(1151, 70),
(1151, 71),
(1151, 72),
(1151, 73),
(1151, 74),
(1151, 75),
(1151, 76),
(1151, 77),
(1151, 78),
(1151, 79),
(1151, 80),
(1151, 81),
(1151, 82),
(1151, 83),
(1151, 84),
(1151, 85),
(1151, 86),
(1151, 87),
(1151, 88),
(1151, 89),
(1151, 90),
(1152, 1),
(1152, 2),
(1152, 3),
(1152, 4),
(1152, 5),
(1152, 6),
(1152, 7),
(1152, 8),
(1152, 9),
(1152, 10),
(1152, 11),
(1152, 12),
(1152, 13),
(1152, 14),
(1152, 15),
(1152, 17),
(1152, 18),
(1152, 19),
(1152, 20),
(1152, 21),
(1152, 22),
(1152, 24),
(1152, 25),
(1152, 26),
(1152, 28),
(1152, 29),
(1152, 30),
(1152, 31),
(1152, 32),
(1152, 33),
(1152, 34),
(1152, 35),
(1152, 36),
(1152, 38),
(1152, 39),
(1152, 40),
(1152, 41),
(1152, 42),
(1152, 43),
(1152, 44),
(1152, 45),
(1152, 46),
(1152, 47),
(1152, 48),
(1152, 49),
(1152, 50),
(1152, 51),
(1152, 52),
(1152, 53),
(1152, 56),
(1152, 57),
(1152, 58),
(1152, 59),
(1152, 60),
(1152, 61),
(1152, 62),
(1152, 63),
(1152, 64),
(1152, 65),
(1152, 66),
(1152, 67),
(1152, 68),
(1152, 70),
(1152, 71),
(1152, 72),
(1152, 73),
(1152, 74),
(1152, 75),
(1152, 76),
(1152, 77),
(1152, 78),
(1152, 79),
(1152, 80),
(1152, 81),
(1152, 82),
(1152, 84),
(1152, 85),
(1152, 86),
(1152, 87),
(1152, 88),
(1152, 89),
(1152, 90),
(1152, 91),
(1152, 92),
(1152, 93),
(1152, 94),
(1152, 95),
(1152, 96),
(1152, 97),
(1152, 98),
(1153, 1004),
(1153, 1005),
(1153, 1006),
(1153, 1007),
(1153, 1008),
(1154, 1032),
(1155, 1045),
(1155, 1046),
(1155, 1047),
(1155, 1048),
(1155, 1049),
(1155, 1050),
(1155, 1051),
(1155, 1052),
(1155, 1053),
(1155, 1054),
(1155, 1055),
(1155, 1056),
(1155, 1057),
(1155, 1058),
(1155, 1059),
(1155, 1060),
(1155, 1061),
(1155, 1062),
(1155, 1063),
(1155, 1064),
(1256, 1156),
(1256, 1157),
(1256, 1158),
(1256, 1159),
(1256, 1160),
(1256, 1161),
(1256, 1162),
(1256, 1163),
(1256, 1164),
(1256, 1165),
(1256, 1166),
(1256, 1167),
(1256, 1168),
(1256, 1169),
(1256, 1170),
(1256, 1171),
(1256, 1172),
(1256, 1173),
(1256, 1174),
(1256, 1175),
(1256, 1176),
(1256, 1177),
(1256, 1178),
(1256, 1179),
(1256, 1180),
(1488, 1457),
(1488, 1458),
(1488, 1459),
(1488, 1460),
(1488, 1461),
(1488, 1462),
(1488, 1463),
(100001, 1257),
(100001, 1260),
(100001, 1262),
(100001, 1264),
(100001, 1265),
(100001, 1267),
(100001, 1268),
(100001, 1270),
(100001, 1273),
(100001, 1275),
(100001, 1277),
(100001, 1279),
(100001, 1281),
(100001, 1283),
(100001, 1285),
(100001, 1287),
(100001, 1289),
(100001, 1291),
(100001, 1292),
(100001, 1295),
(100001, 1297),
(100001, 1301),
(100001, 1303),
(100001, 1305),
(100001, 1306),
(100001, 1309),
(100001, 1311),
(100001, 1313),
(100001, 1315),
(100001, 1317),
(100001, 1319),
(100001, 1321),
(100001, 1323),
(100001, 1325),
(100001, 1327),
(100001, 1329),
(100001, 1330),
(100001, 1345),
(100001, 1347),
(100001, 1350),
(100001, 1352),
(100001, 1353),
(100001, 1354),
(100001, 1355),
(100001, 1356),
(100001, 1359),
(100001, 1361),
(100001, 1363),
(100001, 1365),
(100001, 1366),
(100001, 1369),
(100001, 1370),
(100001, 1371),
(100001, 1372),
(100001, 1373),
(100001, 1374),
(100001, 1375),
(100001, 1376),
(100001, 1377),
(100001, 1378),
(100002, 99),
(100002, 100),
(100002, 101),
(100002, 102),
(100002, 103),
(100002, 104),
(100002, 105),
(100002, 106),
(100002, 107),
(100002, 108),
(100002, 109),
(100002, 110),
(100002, 111),
(100002, 112),
(100002, 113),
(100002, 114),
(100002, 115),
(100002, 116),
(100002, 117),
(100002, 118),
(100002, 119),
(100002, 120),
(100002, 121),
(100002, 122),
(100002, 123),
(100002, 124),
(100002, 125),
(100002, 126),
(100002, 127),
(100002, 128),
(100002, 129),
(100002, 130),
(100002, 131),
(100002, 132),
(100002, 133),
(100002, 134),
(100002, 135),
(100002, 136),
(100002, 137),
(100002, 138),
(100002, 139),
(100002, 140),
(100002, 141),
(100002, 142),
(100002, 143),
(100002, 144),
(100002, 145),
(100002, 146),
(100002, 147),
(100002, 148),
(100002, 149),
(100002, 150),
(100002, 151),
(100002, 152),
(100002, 153),
(100002, 154),
(100002, 155),
(100002, 156),
(100002, 157),
(100003, 114),
(100003, 119),
(100003, 120),
(100003, 122),
(100003, 123),
(100003, 124),
(100003, 126),
(100003, 127),
(100003, 128),
(100003, 129),
(100003, 130),
(100003, 132),
(100003, 133),
(100003, 134),
(100003, 135),
(100003, 136),
(100003, 137),
(100003, 138),
(100003, 139),
(100003, 140),
(100003, 144),
(100003, 146),
(100003, 147),
(100003, 149),
(100003, 150),
(100003, 151),
(100003, 152),
(100003, 153),
(100003, 154),
(100003, 155),
(100003, 156),
(100003, 157),
(100003, 162),
(100003, 165),
(100003, 168),
(100003, 175),
(100003, 192),
(100003, 194),
(100003, 198),
(100003, 202),
(100003, 214),
(100003, 224),
(100003, 225),
(100003, 226),
(100003, 504),
(100003, 508),
(100003, 510),
(100003, 513),
(100003, 514),
(100003, 520),
(100003, 521),
(100003, 522),
(100003, 525),
(100003, 528),
(100003, 536),
(100003, 537),
(100003, 660),
(100003, 675),
(100003, 678),
(100003, 685),
(100003, 687),
(100003, 692),
(100003, 712),
(100003, 715),
(100003, 747),
(100003, 1359),
(100003, 100006),
(100003, 100016),
(100003, 100155),
(100003, 100159),
(100017, 100006),
(100017, 100007),
(100017, 100016),
(100017, 100155),
(100017, 100159),
(100017, 100163),
(100017, 100203),
(100049, 100027),
(100049, 100028),
(100050, 100037),
(100050, 100038),
(100051, 100047),
(100051, 100048),
(100154, 100054),
(100154, 100058),
(100154, 100059),
(100154, 100065),
(100154, 100066),
(100154, 100070),
(100154, 100074),
(100154, 100078),
(100154, 100085),
(100154, 100089),
(100154, 100092),
(100154, 100093),
(100154, 100094),
(100154, 100095),
(100154, 100096),
(100154, 100097),
(100154, 100098),
(100154, 100100),
(100154, 100103),
(100154, 100104),
(100154, 100105),
(100154, 100106),
(100154, 100108),
(100154, 100110),
(100154, 100113),
(100157, 158),
(100157, 159),
(100157, 160),
(100157, 161),
(100157, 162),
(100157, 163),
(100157, 164),
(100157, 165),
(100157, 166),
(100157, 167),
(100157, 168),
(100157, 169),
(100157, 170),
(100157, 171),
(100157, 172),
(100157, 173),
(100157, 174),
(100157, 175),
(100157, 176),
(100157, 177),
(100157, 178),
(100157, 179),
(100157, 180),
(100157, 181),
(100157, 182),
(100157, 183),
(100157, 184),
(100157, 185),
(100157, 186),
(100157, 187),
(100157, 188),
(100157, 189),
(100157, 190),
(100157, 191),
(100157, 192),
(100157, 193),
(100157, 194),
(100157, 195),
(100157, 196),
(100157, 197),
(100157, 198),
(100157, 199),
(100157, 200),
(100157, 201),
(100157, 202),
(100157, 203),
(100157, 204),
(100157, 205),
(100157, 206),
(100157, 207),
(100157, 208),
(100157, 209),
(100157, 210),
(100157, 211),
(100157, 212),
(100157, 213),
(100157, 214),
(100157, 215),
(100157, 216),
(100157, 217),
(100157, 218),
(100157, 219),
(100157, 220),
(100157, 221),
(100157, 222),
(100157, 223),
(100157, 224),
(100157, 225),
(100160, 226),
(100160, 504),
(100160, 505),
(100160, 506),
(100160, 507),
(100160, 508),
(100160, 509),
(100160, 510),
(100160, 511),
(100160, 512),
(100160, 513),
(100160, 514),
(100160, 515),
(100160, 516),
(100160, 517),
(100160, 518),
(100160, 519),
(100160, 520),
(100160, 521),
(100160, 522),
(100160, 523),
(100160, 524),
(100160, 525),
(100160, 526),
(100160, 527),
(100160, 528),
(100160, 529),
(100160, 530),
(100160, 531),
(100160, 532),
(100160, 533),
(100160, 534),
(100160, 535),
(100160, 536),
(100160, 537),
(100160, 538),
(100160, 539),
(100160, 540),
(100160, 541),
(100160, 542),
(100160, 543),
(100160, 544),
(100160, 545),
(100160, 546),
(100160, 547),
(100160, 548),
(100160, 549),
(100161, 653),
(100161, 654),
(100161, 655),
(100161, 656),
(100161, 657),
(100161, 658),
(100161, 659),
(100161, 660),
(100161, 661),
(100161, 662),
(100161, 663),
(100161, 664),
(100161, 665),
(100161, 666),
(100161, 667),
(100161, 668),
(100161, 669),
(100161, 670),
(100161, 671),
(100161, 672),
(100161, 673),
(100161, 674),
(100161, 675),
(100161, 676),
(100161, 677),
(100161, 678),
(100161, 679),
(100161, 680),
(100161, 681),
(100161, 682),
(100161, 683),
(100161, 684),
(100161, 685),
(100161, 686),
(100161, 687),
(100161, 688),
(100161, 689),
(100161, 690),
(100161, 691),
(100161, 692),
(100161, 693),
(100161, 694),
(100161, 695),
(100161, 696),
(100161, 697),
(100161, 698),
(100161, 699),
(100161, 700),
(100161, 701),
(100161, 702),
(100161, 703),
(100161, 704),
(100161, 705),
(100161, 706),
(100161, 707),
(100161, 708),
(100161, 709),
(100161, 710),
(100161, 711),
(100161, 712),
(100161, 713),
(100161, 714),
(100161, 715),
(100161, 716),
(100161, 717),
(100161, 718),
(100161, 719),
(100161, 720),
(100161, 721),
(100161, 722),
(100161, 723),
(100161, 724),
(100161, 725),
(100161, 726),
(100161, 727),
(100161, 728),
(100161, 729),
(100161, 730),
(100161, 731),
(100161, 732),
(100161, 733),
(100161, 734),
(100161, 735),
(100161, 736),
(100161, 737),
(100161, 738),
(100161, 739),
(100161, 740),
(100161, 741),
(100161, 742),
(100161, 743),
(100161, 744),
(100161, 745),
(100161, 746),
(100161, 747),
(100161, 748),
(100161, 749),
(100161, 750),
(100161, 751),
(100161, 752),
(100161, 753),
(100161, 754),
(100161, 755),
(100161, 756),
(100211, 1),
(100211, 2),
(100211, 3),
(100211, 4),
(100211, 6),
(100211, 7),
(100211, 8),
(100211, 9),
(100211, 10),
(100211, 11),
(100211, 12),
(100211, 14),
(100211, 15),
(100211, 17),
(100211, 19),
(100211, 20),
(100211, 21),
(100211, 22),
(100211, 24),
(100211, 25),
(100211, 28),
(100211, 29),
(100211, 30),
(100211, 31),
(100211, 32),
(100211, 33),
(100211, 34),
(100211, 35),
(100211, 36),
(100211, 38),
(100211, 39),
(100211, 40),
(100211, 41),
(100211, 42),
(100211, 43),
(100211, 44),
(100211, 45),
(100211, 46),
(100211, 47),
(100211, 49),
(100211, 50),
(100211, 51),
(100211, 52),
(100211, 53),
(100211, 56),
(100211, 57),
(100211, 58),
(100211, 59),
(100211, 60),
(100211, 61),
(100211, 62),
(100211, 63),
(100211, 64),
(100211, 66),
(100211, 67),
(100211, 68),
(100211, 70),
(100211, 72),
(100211, 73),
(100211, 74),
(100211, 75),
(100211, 76),
(100211, 77),
(100211, 78),
(100211, 79),
(100211, 80),
(100211, 81),
(100211, 82),
(100211, 84),
(100211, 85),
(100211, 86),
(100211, 87),
(100211, 88),
(100211, 89),
(100211, 90),
(100211, 91),
(100211, 92),
(100211, 93),
(100211, 94),
(100211, 95),
(100211, 96),
(100211, 97),
(100211, 98),
(100211, 1032),
(100211, 100206),
(100211, 100207),
(100211, 100208),
(100211, 100209),
(100211, 100210),
(100211, 100217);

-- --------------------------------------------------------

--
-- Table structure for table `card_set_white_card`
--

DROP TABLE IF EXISTS `card_set_white_card`;
CREATE TABLE IF NOT EXISTS `card_set_white_card` (
  `card_set_id` int(11) NOT NULL,
  `white_card_id` int(11) NOT NULL,
  PRIMARY KEY (`card_set_id`,`white_card_id`)
) ENGINE=MyISAM DEFAULT CHARSET=latin1;

--
-- Dumping data for table `card_set_white_card`
--

INSERT INTO `card_set_white_card` (`card_set_id`, `white_card_id`) VALUES
(1151, 1),
(1151, 2),
(1151, 3),
(1151, 4),
(1151, 5),
(1151, 6),
(1151, 7),
(1151, 8),
(1151, 9),
(1151, 10),
(1151, 11),
(1151, 12),
(1151, 13),
(1151, 14),
(1151, 15),
(1151, 16),
(1151, 17),
(1151, 18),
(1151, 19),
(1151, 20),
(1151, 21),
(1151, 22),
(1151, 23),
(1151, 24),
(1151, 25),
(1151, 26),
(1151, 27),
(1151, 28),
(1151, 29),
(1151, 30),
(1151, 31),
(1151, 32),
(1151, 33),
(1151, 34),
(1151, 35),
(1151, 36),
(1151, 37),
(1151, 38),
(1151, 39),
(1151, 40),
(1151, 41),
(1151, 42),
(1151, 43),
(1151, 44),
(1151, 45),
(1151, 46),
(1151, 47),
(1151, 48),
(1151, 49),
(1151, 50),
(1151, 51),
(1151, 52),
(1151, 53),
(1151, 54),
(1151, 55),
(1151, 56),
(1151, 57),
(1151, 58),
(1151, 59),
(1151, 60),
(1151, 61),
(1151, 62),
(1151, 63),
(1151, 64),
(1151, 65),
(1151, 66),
(1151, 67),
(1151, 68),
(1151, 69),
(1151, 70),
(1151, 71),
(1151, 72),
(1151, 73),
(1151, 74),
(1151, 75),
(1151, 76),
(1151, 77),
(1151, 78),
(1151, 79),
(1151, 80),
(1151, 81),
(1151, 82),
(1151, 83),
(1151, 84),
(1151, 85),
(1151, 86),
(1151, 87),
(1151, 88),
(1151, 89),
(1151, 90),
(1151, 91),
(1151, 92),
(1151, 93),
(1151, 94),
(1151, 95),
(1151, 96),
(1151, 97),
(1151, 98),
(1151, 99),
(1151, 100),
(1151, 101),
(1151, 102),
(1151, 103),
(1151, 104),
(1151, 105),
(1151, 106),
(1151, 107),
(1151, 108),
(1151, 109),
(1151, 110),
(1151, 111),
(1151, 112),
(1151, 113),
(1151, 114),
(1151, 115),
(1151, 116),
(1151, 117),
(1151, 118),
(1151, 119),
(1151, 120),
(1151, 121),
(1151, 122),
(1151, 123),
(1151, 124),
(1151, 125),
(1151, 126),
(1151, 127),
(1151, 128),
(1151, 129),
(1151, 130),
(1151, 131),
(1151, 132),
(1151, 133),
(1151, 134),
(1151, 135),
(1151, 136),
(1151, 137),
(1151, 138),
(1151, 139),
(1151, 140),
(1151, 141),
(1151, 142),
(1151, 143),
(1151, 144),
(1151, 145),
(1151, 146),
(1151, 147),
(1151, 148),
(1151, 149),
(1151, 150),
(1151, 151),
(1151, 152),
(1151, 153),
(1151, 154),
(1151, 155),
(1151, 156),
(1151, 157),
(1151, 158),
(1151, 159),
(1151, 160),
(1151, 161),
(1151, 162),
(1151, 163),
(1151, 164),
(1151, 165),
(1151, 166),
(1151, 167),
(1151, 168),
(1151, 169),
(1151, 170),
(1151, 171),
(1151, 172),
(1151, 173),
(1151, 174),
(1151, 175),
(1151, 176),
(1151, 177),
(1151, 178),
(1151, 179),
(1151, 180),
(1151, 181),
(1151, 182),
(1151, 183),
(1151, 184),
(1151, 185),
(1151, 186),
(1151, 187),
(1151, 188),
(1151, 189),
(1151, 190),
(1151, 191),
(1151, 192),
(1151, 193),
(1151, 194),
(1151, 195),
(1151, 196),
(1151, 197),
(1151, 198),
(1151, 199),
(1151, 200),
(1151, 201),
(1151, 202),
(1151, 203),
(1151, 204),
(1151, 205),
(1151, 206),
(1151, 207),
(1151, 208),
(1151, 209),
(1151, 210),
(1151, 211),
(1151, 212),
(1151, 213),
(1151, 214),
(1151, 215),
(1151, 216),
(1151, 217),
(1151, 218),
(1151, 219),
(1151, 220),
(1151, 221),
(1151, 222),
(1151, 223),
(1151, 224),
(1151, 225),
(1151, 226),
(1151, 227),
(1151, 228),
(1151, 229),
(1151, 230),
(1151, 231),
(1151, 232),
(1151, 233),
(1151, 234),
(1151, 235),
(1151, 236),
(1151, 237),
(1151, 238),
(1151, 239),
(1151, 240),
(1151, 241),
(1151, 242),
(1151, 243),
(1151, 244),
(1151, 245),
(1151, 246),
(1151, 247),
(1151, 248),
(1151, 249),
(1151, 250),
(1151, 251),
(1151, 252),
(1151, 253),
(1151, 254),
(1151, 255),
(1151, 256),
(1151, 257),
(1151, 258),
(1151, 259),
(1151, 260),
(1151, 261),
(1151, 262),
(1151, 263),
(1151, 264),
(1151, 265),
(1151, 266),
(1151, 267),
(1151, 268),
(1151, 269),
(1151, 270),
(1151, 271),
(1151, 272),
(1151, 273),
(1151, 274),
(1151, 275),
(1151, 276),
(1151, 277),
(1151, 278),
(1151, 279),
(1151, 280),
(1151, 281),
(1151, 282),
(1151, 283),
(1151, 284),
(1151, 285),
(1151, 286),
(1151, 287),
(1151, 288),
(1151, 289),
(1151, 290),
(1151, 291),
(1151, 292),
(1151, 293),
(1151, 294),
(1151, 295),
(1151, 296),
(1151, 297),
(1151, 298),
(1151, 299),
(1151, 300),
(1151, 301),
(1151, 302),
(1151, 303),
(1151, 304),
(1151, 305),
(1151, 306),
(1151, 307),
(1151, 308),
(1151, 309),
(1151, 310),
(1151, 311),
(1151, 312),
(1151, 313),
(1151, 314),
(1151, 315),
(1151, 316),
(1151, 317),
(1151, 318),
(1151, 319),
(1151, 320),
(1151, 321),
(1151, 322),
(1151, 323),
(1151, 324),
(1151, 325),
(1151, 326),
(1151, 327),
(1151, 328),
(1151, 329),
(1151, 330),
(1151, 331),
(1151, 332),
(1151, 333),
(1151, 334),
(1151, 335),
(1151, 336),
(1151, 337),
(1151, 338),
(1151, 339),
(1151, 340),
(1151, 341),
(1151, 342),
(1151, 343),
(1151, 344),
(1151, 345),
(1151, 346),
(1151, 347),
(1151, 348),
(1151, 349),
(1151, 350),
(1151, 351),
(1151, 352),
(1151, 353),
(1151, 354),
(1151, 355),
(1151, 356),
(1151, 357),
(1151, 358),
(1151, 359),
(1151, 360),
(1151, 361),
(1151, 362),
(1151, 363),
(1151, 364),
(1151, 365),
(1151, 366),
(1151, 367),
(1151, 368),
(1151, 369),
(1151, 370),
(1151, 371),
(1151, 372),
(1151, 373),
(1151, 374),
(1151, 375),
(1151, 376),
(1151, 377),
(1151, 378),
(1151, 379),
(1151, 380),
(1151, 381),
(1151, 382),
(1151, 383),
(1151, 384),
(1151, 385),
(1151, 386),
(1151, 387),
(1151, 388),
(1151, 389),
(1151, 390),
(1151, 391),
(1151, 392),
(1151, 393),
(1151, 394),
(1151, 395),
(1151, 396),
(1151, 397),
(1151, 398),
(1151, 399),
(1151, 400),
(1151, 401),
(1151, 402),
(1151, 403),
(1151, 404),
(1151, 405),
(1151, 406),
(1151, 407),
(1151, 408),
(1151, 409),
(1151, 410),
(1151, 411),
(1151, 412),
(1151, 413),
(1151, 414),
(1151, 415),
(1151, 416),
(1151, 417),
(1151, 418),
(1151, 419),
(1151, 420),
(1151, 421),
(1151, 422),
(1151, 423),
(1151, 424),
(1151, 425),
(1151, 426),
(1151, 427),
(1151, 428),
(1151, 429),
(1151, 430),
(1151, 431),
(1151, 432),
(1151, 433),
(1151, 434),
(1151, 435),
(1151, 436),
(1151, 437),
(1151, 438),
(1151, 439),
(1151, 440),
(1151, 441),
(1151, 442),
(1151, 443),
(1151, 444),
(1151, 445),
(1151, 446),
(1151, 447),
(1151, 448),
(1151, 449),
(1151, 450),
(1151, 451),
(1151, 452),
(1151, 453),
(1151, 454),
(1151, 455),
(1151, 456),
(1151, 457),
(1151, 458),
(1151, 459),
(1151, 460),
(1152, 1),
(1152, 2),
(1152, 3),
(1152, 4),
(1152, 5),
(1152, 6),
(1152, 7),
(1152, 10),
(1152, 11),
(1152, 12),
(1152, 13),
(1152, 14),
(1152, 16),
(1152, 18),
(1152, 19),
(1152, 20),
(1152, 22),
(1152, 23),
(1152, 24),
(1152, 25),
(1152, 26),
(1152, 27),
(1152, 28),
(1152, 29),
(1152, 30),
(1152, 31),
(1152, 32),
(1152, 33),
(1152, 34),
(1152, 35),
(1152, 36),
(1152, 37),
(1152, 38),
(1152, 39),
(1152, 40),
(1152, 41),
(1152, 42),
(1152, 44),
(1152, 45),
(1152, 46),
(1152, 47),
(1152, 48),
(1152, 49),
(1152, 50),
(1152, 51),
(1152, 52),
(1152, 53),
(1152, 54),
(1152, 55),
(1152, 56),
(1152, 57),
(1152, 58),
(1152, 59),
(1152, 60),
(1152, 61),
(1152, 62),
(1152, 63),
(1152, 65),
(1152, 66),
(1152, 67),
(1152, 68),
(1152, 70),
(1152, 71),
(1152, 72),
(1152, 73),
(1152, 74),
(1152, 75),
(1152, 76),
(1152, 77),
(1152, 78),
(1152, 79),
(1152, 80),
(1152, 81),
(1152, 82),
(1152, 83),
(1152, 84),
(1152, 85),
(1152, 86),
(1152, 87),
(1152, 88),
(1152, 89),
(1152, 90),
(1152, 91),
(1152, 92),
(1152, 93),
(1152, 94),
(1152, 95),
(1152, 96),
(1152, 97),
(1152, 98),
(1152, 99),
(1152, 101),
(1152, 102),
(1152, 103),
(1152, 104),
(1152, 105),
(1152, 106),
(1152, 107),
(1152, 108),
(1152, 109),
(1152, 111),
(1152, 112),
(1152, 113),
(1152, 114),
(1152, 115),
(1152, 116),
(1152, 117),
(1152, 118),
(1152, 119),
(1152, 121),
(1152, 122),
(1152, 124),
(1152, 125),
(1152, 126),
(1152, 127),
(1152, 128),
(1152, 129),
(1152, 132),
(1152, 134),
(1152, 135),
(1152, 136),
(1152, 137),
(1152, 138),
(1152, 139),
(1152, 140),
(1152, 141),
(1152, 142),
(1152, 144),
(1152, 145),
(1152, 146),
(1152, 147),
(1152, 148),
(1152, 149),
(1152, 150),
(1152, 151),
(1152, 152),
(1152, 153),
(1152, 154),
(1152, 155),
(1152, 157),
(1152, 159),
(1152, 160),
(1152, 161),
(1152, 162),
(1152, 163),
(1152, 165),
(1152, 166),
(1152, 167),
(1152, 168),
(1152, 169),
(1152, 170),
(1152, 171),
(1152, 172),
(1152, 173),
(1152, 174),
(1152, 175),
(1152, 176),
(1152, 178),
(1152, 179),
(1152, 180),
(1152, 181),
(1152, 182),
(1152, 183),
(1152, 184),
(1152, 185),
(1152, 186),
(1152, 187),
(1152, 189),
(1152, 191),
(1152, 192),
(1152, 193),
(1152, 194),
(1152, 195),
(1152, 196),
(1152, 197),
(1152, 198),
(1152, 199),
(1152, 200),
(1152, 201),
(1152, 202),
(1152, 203),
(1152, 204),
(1152, 205),
(1152, 206),
(1152, 207),
(1152, 208),
(1152, 209),
(1152, 210),
(1152, 211),
(1152, 212),
(1152, 213),
(1152, 214),
(1152, 215),
(1152, 217),
(1152, 218),
(1152, 219),
(1152, 220),
(1152, 221),
(1152, 222),
(1152, 223),
(1152, 224),
(1152, 225),
(1152, 226),
(1152, 227),
(1152, 228),
(1152, 229),
(1152, 230),
(1152, 231),
(1152, 232),
(1152, 233),
(1152, 234),
(1152, 235),
(1152, 236),
(1152, 237),
(1152, 238),
(1152, 239),
(1152, 240),
(1152, 241),
(1152, 242),
(1152, 243),
(1152, 244),
(1152, 245),
(1152, 246),
(1152, 249),
(1152, 250),
(1152, 251),
(1152, 252),
(1152, 253),
(1152, 254),
(1152, 255),
(1152, 256),
(1152, 257),
(1152, 258),
(1152, 259),
(1152, 260),
(1152, 261),
(1152, 262),
(1152, 263),
(1152, 265),
(1152, 266),
(1152, 267),
(1152, 268),
(1152, 269),
(1152, 270),
(1152, 271),
(1152, 272),
(1152, 274),
(1152, 275),
(1152, 276),
(1152, 277),
(1152, 278),
(1152, 279),
(1152, 280),
(1152, 282),
(1152, 283),
(1152, 284),
(1152, 286),
(1152, 287),
(1152, 289),
(1152, 290),
(1152, 291),
(1152, 292),
(1152, 293),
(1152, 294),
(1152, 295),
(1152, 296),
(1152, 297),
(1152, 298),
(1152, 299),
(1152, 300),
(1152, 302),
(1152, 303),
(1152, 304),
(1152, 305),
(1152, 306),
(1152, 308),
(1152, 309),
(1152, 311),
(1152, 312),
(1152, 314),
(1152, 315),
(1152, 316),
(1152, 317),
(1152, 318),
(1152, 319),
(1152, 320),
(1152, 321),
(1152, 322),
(1152, 323),
(1152, 324),
(1152, 325),
(1152, 326),
(1152, 327),
(1152, 329),
(1152, 330),
(1152, 332),
(1152, 334),
(1152, 335),
(1152, 336),
(1152, 337),
(1152, 339),
(1152, 340),
(1152, 343),
(1152, 344),
(1152, 345),
(1152, 346),
(1152, 347),
(1152, 348),
(1152, 349),
(1152, 351),
(1152, 352),
(1152, 354),
(1152, 355),
(1152, 356),
(1152, 357),
(1152, 358),
(1152, 359),
(1152, 360),
(1152, 361),
(1152, 362),
(1152, 364),
(1152, 365),
(1152, 366),
(1152, 367),
(1152, 368),
(1152, 369),
(1152, 370),
(1152, 372),
(1152, 373),
(1152, 374),
(1152, 375),
(1152, 376),
(1152, 377),
(1152, 378),
(1152, 379),
(1152, 380),
(1152, 381),
(1152, 382),
(1152, 384),
(1152, 385),
(1152, 386),
(1152, 387),
(1152, 388),
(1152, 389),
(1152, 390),
(1152, 391),
(1152, 392),
(1152, 393),
(1152, 394),
(1152, 395),
(1152, 396),
(1152, 397),
(1152, 398),
(1152, 399),
(1152, 400),
(1152, 401),
(1152, 402),
(1152, 404),
(1152, 405),
(1152, 406),
(1152, 407),
(1152, 408),
(1152, 409),
(1152, 410),
(1152, 411),
(1152, 412),
(1152, 413),
(1152, 414),
(1152, 415),
(1152, 416),
(1152, 417),
(1152, 418),
(1152, 419),
(1152, 420),
(1152, 421),
(1152, 422),
(1152, 423),
(1152, 425),
(1152, 426),
(1152, 427),
(1152, 429),
(1152, 430),
(1152, 431),
(1152, 432),
(1152, 433),
(1152, 434),
(1152, 435),
(1152, 436),
(1152, 437),
(1152, 438),
(1152, 439),
(1152, 440),
(1152, 441),
(1152, 442),
(1152, 443),
(1152, 444),
(1152, 445),
(1152, 446),
(1152, 447),
(1152, 448),
(1152, 449),
(1152, 450),
(1152, 451),
(1152, 452),
(1152, 453),
(1152, 455),
(1152, 456),
(1152, 457),
(1152, 458),
(1152, 459),
(1152, 460),
(1152, 461),
(1152, 462),
(1152, 463),
(1152, 464),
(1152, 465),
(1152, 466),
(1152, 467),
(1152, 468),
(1152, 469),
(1152, 470),
(1152, 471),
(1152, 472),
(1152, 473),
(1152, 474),
(1152, 475),
(1152, 476),
(1152, 477),
(1152, 478),
(1152, 479),
(1152, 480),
(1152, 481),
(1152, 482),
(1152, 483),
(1152, 484),
(1152, 485),
(1152, 486),
(1152, 487),
(1152, 488),
(1152, 489),
(1152, 490),
(1152, 491),
(1152, 492),
(1152, 493),
(1152, 494),
(1152, 495),
(1152, 496),
(1152, 497),
(1152, 498),
(1152, 499),
(1152, 500),
(1152, 501),
(1152, 502),
(1152, 503),
(1152, 504),
(1152, 505),
(1152, 506),
(1152, 507),
(1152, 508),
(1153, 1010),
(1153, 1011),
(1153, 1012),
(1153, 1013),
(1153, 1014),
(1153, 1015),
(1153, 1016),
(1153, 1017),
(1153, 1018),
(1153, 1019),
(1153, 1020),
(1153, 1021),
(1153, 1022),
(1153, 1023),
(1153, 1024),
(1153, 1025),
(1153, 1026),
(1153, 1027),
(1153, 1028),
(1153, 1029),
(1153, 1030),
(1154, 1034),
(1154, 1035),
(1154, 1036),
(1154, 1037),
(1154, 1038),
(1154, 1039),
(1154, 1040),
(1154, 1041),
(1154, 1042),
(1155, 1066),
(1155, 1067),
(1155, 1068),
(1155, 1069),
(1155, 1070),
(1155, 1071),
(1155, 1072),
(1155, 1073),
(1155, 1074),
(1155, 1075),
(1155, 1076),
(1155, 1077),
(1155, 1078),
(1155, 1079),
(1155, 1080),
(1155, 1081),
(1155, 1082),
(1155, 1083),
(1155, 1084),
(1155, 1085),
(1155, 1086),
(1155, 1087),
(1155, 1088),
(1155, 1089),
(1155, 1090),
(1155, 1091),
(1155, 1092),
(1155, 1093),
(1155, 1094),
(1155, 1095),
(1155, 1096),
(1155, 1097),
(1155, 1098),
(1155, 1099),
(1155, 1100),
(1155, 1101),
(1155, 1102),
(1155, 1103),
(1155, 1104),
(1155, 1105),
(1155, 1106),
(1155, 1107),
(1155, 1108),
(1155, 1109),
(1155, 1110),
(1155, 1111),
(1155, 1112),
(1155, 1113),
(1155, 1114),
(1155, 1115),
(1155, 1116),
(1155, 1117),
(1155, 1118),
(1155, 1119),
(1155, 1120),
(1155, 1121),
(1155, 1122),
(1155, 1123),
(1155, 1124),
(1155, 1125),
(1155, 1126),
(1155, 1127),
(1155, 1128),
(1155, 1129),
(1155, 1130),
(1155, 1131),
(1155, 1132),
(1155, 1133),
(1155, 1134),
(1155, 1135),
(1155, 1136),
(1155, 1137),
(1155, 1138),
(1155, 1139),
(1155, 1140),
(1155, 1141),
(1155, 1142),
(1155, 1143),
(1155, 1144),
(1155, 1145),
(1256, 1181),
(1256, 1182),
(1256, 1183),
(1256, 1184),
(1256, 1185),
(1256, 1186),
(1256, 1187),
(1256, 1188),
(1256, 1189),
(1256, 1190),
(1256, 1191),
(1256, 1192),
(1256, 1193),
(1256, 1194),
(1256, 1195),
(1256, 1196),
(1256, 1197),
(1256, 1198),
(1256, 1199),
(1256, 1200),
(1256, 1201),
(1256, 1202),
(1256, 1203),
(1256, 1204),
(1256, 1205),
(1256, 1206),
(1256, 1207),
(1256, 1208),
(1256, 1209),
(1256, 1210),
(1256, 1211),
(1256, 1212),
(1256, 1213),
(1256, 1214),
(1256, 1215),
(1256, 1216),
(1256, 1217),
(1256, 1218),
(1256, 1219),
(1256, 1220),
(1256, 1221),
(1256, 1222),
(1256, 1223),
(1256, 1224),
(1256, 1225),
(1256, 1226),
(1256, 1227),
(1256, 1228),
(1256, 1229),
(1256, 1230),
(1256, 1231),
(1256, 1232),
(1256, 1233),
(1256, 1234),
(1256, 1235),
(1256, 1236),
(1256, 1237),
(1256, 1238),
(1256, 1239),
(1256, 1240),
(1256, 1241),
(1256, 1242),
(1256, 1243),
(1256, 1244),
(1256, 1245),
(1256, 1246),
(1256, 1247),
(1256, 1248),
(1256, 1249),
(1256, 1250),
(1256, 1251),
(1256, 1252),
(1256, 1253),
(1256, 1254),
(1256, 1255),
(1488, 1464),
(1488, 1465),
(1488, 1466),
(1488, 1467),
(1488, 1468),
(1488, 1469),
(1488, 1470),
(1488, 1471),
(1488, 1473),
(1488, 1474),
(1488, 1475),
(1488, 1476),
(1488, 1477),
(1488, 1478),
(1488, 1479),
(1488, 1480),
(1488, 1481),
(1488, 1482),
(1488, 1483),
(1488, 1484),
(1488, 1485),
(1488, 1486),
(1488, 1487),
(100001, 1258),
(100001, 1259),
(100001, 1261),
(100001, 1263),
(100001, 1266),
(100001, 1269),
(100001, 1271),
(100001, 1272),
(100001, 1274),
(100001, 1276),
(100001, 1278),
(100001, 1280),
(100001, 1282),
(100001, 1284),
(100001, 1286),
(100001, 1288),
(100001, 1290),
(100001, 1293),
(100001, 1294),
(100001, 1296),
(100001, 1298),
(100001, 1299),
(100001, 1300),
(100001, 1302),
(100001, 1304),
(100001, 1307),
(100001, 1308),
(100001, 1310),
(100001, 1312),
(100001, 1314),
(100001, 1316),
(100001, 1318),
(100001, 1320),
(100001, 1322),
(100001, 1324),
(100001, 1326),
(100001, 1328),
(100001, 1331),
(100001, 1332),
(100001, 1333),
(100001, 1334),
(100001, 1335),
(100001, 1336),
(100001, 1337),
(100001, 1338),
(100001, 1339),
(100001, 1340),
(100001, 1341),
(100001, 1342),
(100001, 1343),
(100001, 1344),
(100001, 1346),
(100001, 1348),
(100001, 1349),
(100001, 1351),
(100001, 1357),
(100001, 1358),
(100001, 1360),
(100001, 1362),
(100001, 1364),
(100001, 1367),
(100001, 1368),
(100001, 1379),
(100001, 1380),
(100001, 1381),
(100001, 1382),
(100001, 1383),
(100001, 1384),
(100001, 1385),
(100001, 1386),
(100001, 1387),
(100001, 1388),
(100001, 1389),
(100001, 1390),
(100001, 1391),
(100001, 1392),
(100001, 1393),
(100001, 1394),
(100001, 1395),
(100001, 1396),
(100001, 1397),
(100001, 1398),
(100001, 1399),
(100001, 1400),
(100001, 1401),
(100001, 1402),
(100001, 1403),
(100001, 1404),
(100001, 1405),
(100001, 1406),
(100001, 1407),
(100001, 1408),
(100001, 1409),
(100001, 1410),
(100001, 1411),
(100001, 1412),
(100001, 1413),
(100001, 1414),
(100001, 1415),
(100001, 1416),
(100001, 1417),
(100001, 1418),
(100001, 1419),
(100001, 1420),
(100001, 1421),
(100001, 1422),
(100001, 1423),
(100001, 1424),
(100001, 1425),
(100001, 1426),
(100001, 1427),
(100001, 1428),
(100001, 1429),
(100001, 1430),
(100001, 1431),
(100001, 1432),
(100001, 1433),
(100001, 1435),
(100001, 1436),
(100001, 1437),
(100001, 1438),
(100001, 1439),
(100001, 1440),
(100001, 1441),
(100001, 1442),
(100001, 1443),
(100001, 1444),
(100001, 1445),
(100001, 1446),
(100001, 1447),
(100001, 1448),
(100001, 1449),
(100001, 1450),
(100001, 1451),
(100001, 1452),
(100001, 1453),
(100001, 1454),
(100001, 1455),
(100002, 509),
(100002, 510),
(100002, 511),
(100002, 512),
(100002, 513),
(100002, 514),
(100002, 515),
(100002, 516),
(100002, 517),
(100002, 518),
(100002, 519),
(100002, 520),
(100002, 521),
(100002, 522),
(100002, 523),
(100002, 524),
(100002, 525),
(100002, 526),
(100002, 527),
(100002, 528),
(100002, 529),
(100002, 530),
(100002, 531),
(100002, 532),
(100002, 533),
(100002, 534),
(100002, 535),
(100002, 536),
(100002, 537),
(100002, 538),
(100002, 539),
(100002, 540),
(100002, 541),
(100002, 542),
(100002, 543),
(100002, 544),
(100002, 545),
(100002, 546),
(100002, 547),
(100002, 548),
(100002, 549),
(100002, 550),
(100002, 551),
(100002, 552),
(100002, 553),
(100002, 554),
(100002, 555),
(100002, 556),
(100002, 557),
(100002, 558),
(100002, 559),
(100002, 560),
(100002, 561),
(100002, 562),
(100002, 563),
(100002, 564),
(100002, 565),
(100002, 566),
(100002, 567),
(100002, 568),
(100002, 569),
(100002, 570),
(100002, 571),
(100002, 572),
(100002, 573),
(100002, 574),
(100002, 575),
(100002, 576),
(100002, 577),
(100002, 578),
(100002, 579),
(100002, 580),
(100002, 581),
(100002, 582),
(100002, 583),
(100002, 584),
(100002, 585),
(100002, 586),
(100002, 587),
(100002, 588),
(100002, 589),
(100002, 590),
(100002, 591),
(100002, 592),
(100002, 593),
(100002, 594),
(100002, 595),
(100002, 596),
(100002, 597),
(100002, 598),
(100002, 599),
(100002, 600),
(100002, 601),
(100002, 602),
(100002, 603),
(100002, 604),
(100002, 605),
(100002, 606),
(100002, 607),
(100002, 608),
(100002, 609),
(100002, 610),
(100002, 611),
(100002, 612),
(100002, 613),
(100002, 614),
(100002, 615),
(100002, 616),
(100002, 617),
(100002, 618),
(100002, 619),
(100002, 620),
(100002, 621),
(100003, 509),
(100003, 510),
(100003, 512),
(100003, 513),
(100003, 514),
(100003, 516),
(100003, 518),
(100003, 520),
(100003, 539),
(100003, 540),
(100003, 541),
(100003, 544),
(100003, 545),
(100003, 549),
(100003, 550),
(100003, 551),
(100003, 553),
(100003, 554),
(100003, 556),
(100003, 564),
(100003, 568),
(100003, 572),
(100003, 576),
(100003, 578),
(100003, 579),
(100003, 581),
(100003, 582),
(100003, 588),
(100003, 589),
(100003, 604),
(100003, 605),
(100003, 606),
(100003, 608),
(100003, 610),
(100003, 1263),
(100003, 1274),
(100003, 1288),
(100003, 1383),
(100003, 3006),
(100003, 3007),
(100003, 3009),
(100003, 3011),
(100003, 3014),
(100003, 3054),
(100003, 3059),
(100003, 3065),
(100003, 3070),
(100003, 3084),
(100003, 3085),
(100003, 3094),
(100003, 3100),
(100003, 3104),
(100003, 3117),
(100003, 3121),
(100003, 3663),
(100003, 3666),
(100003, 3667),
(100003, 3670),
(100003, 3671),
(100003, 3676),
(100003, 3684),
(100003, 3687),
(100003, 3688),
(100003, 3708),
(100003, 3709),
(100003, 3719),
(100003, 3723),
(100003, 3736),
(100003, 3740),
(100003, 3742),
(100003, 3744),
(100003, 3754),
(100003, 3761),
(100003, 3762),
(100003, 3763),
(100003, 3770),
(100003, 3773),
(100003, 3994),
(100003, 3996),
(100003, 3998),
(100003, 4011),
(100003, 4021),
(100003, 4023),
(100003, 4029),
(100003, 4030),
(100003, 4031),
(100003, 4044),
(100003, 4045),
(100003, 4053),
(100003, 4084),
(100003, 4085),
(100003, 4088),
(100003, 4089),
(100003, 4090),
(100003, 4096),
(100003, 4120),
(100003, 4121),
(100003, 4148),
(100003, 4161),
(100003, 4170),
(100003, 4175),
(100003, 4180),
(100003, 4183),
(100003, 4191),
(100003, 4201),
(100003, 4207),
(100003, 100008),
(100003, 100011),
(100003, 100057),
(100003, 100162),
(100017, 100008),
(100017, 100009),
(100017, 100011),
(100017, 100012),
(100017, 100013),
(100017, 100014),
(100017, 100015),
(100017, 100018),
(100017, 100052),
(100017, 100057),
(100017, 100156),
(100017, 100162),
(100049, 100019),
(100049, 100020),
(100049, 100021),
(100049, 100022),
(100049, 100023),
(100049, 100024),
(100049, 100025),
(100049, 100026),
(100050, 100029),
(100050, 100030),
(100050, 100031),
(100050, 100032),
(100050, 100033),
(100050, 100034),
(100050, 100035),
(100050, 100036),
(100051, 100039),
(100051, 100040),
(100051, 100041),
(100051, 100042),
(100051, 100043),
(100051, 100044),
(100051, 100045),
(100051, 100046),
(100154, 100053),
(100154, 100055),
(100154, 100056),
(100154, 100060),
(100154, 100061),
(100154, 100062),
(100154, 100063),
(100154, 100064),
(100154, 100067),
(100154, 100068),
(100154, 100069),
(100154, 100071),
(100154, 100072),
(100154, 100073),
(100154, 100075),
(100154, 100076),
(100154, 100077),
(100154, 100079),
(100154, 100080),
(100154, 100081),
(100154, 100082),
(100154, 100083),
(100154, 100084),
(100154, 100086),
(100154, 100087),
(100154, 100088),
(100154, 100090),
(100154, 100091),
(100154, 100099),
(100154, 100101),
(100154, 100102),
(100154, 100107),
(100154, 100109),
(100154, 100111),
(100154, 100112),
(100154, 100114),
(100154, 100115),
(100154, 100116),
(100154, 100117),
(100154, 100118),
(100154, 100119),
(100154, 100120),
(100154, 100121),
(100154, 100122),
(100154, 100123),
(100154, 100124),
(100154, 100125),
(100154, 100126),
(100154, 100127),
(100154, 100128),
(100154, 100129),
(100154, 100130),
(100154, 100131),
(100154, 100132),
(100154, 100133),
(100154, 100134),
(100154, 100135),
(100154, 100136),
(100154, 100137),
(100154, 100138),
(100154, 100139),
(100154, 100140),
(100154, 100141),
(100154, 100142),
(100154, 100143),
(100154, 100144),
(100154, 100145),
(100154, 100146),
(100154, 100147),
(100154, 100148),
(100154, 100149),
(100154, 100150),
(100154, 100151),
(100154, 100152),
(100154, 100153),
(100157, 3001),
(100157, 3002),
(100157, 3003),
(100157, 3004),
(100157, 3005),
(100157, 3006),
(100157, 3007),
(100157, 3008),
(100157, 3009),
(100157, 3010),
(100157, 3011),
(100157, 3012),
(100157, 3013),
(100157, 3014),
(100157, 3015),
(100157, 3016),
(100157, 3017),
(100157, 3018),
(100157, 3019),
(100157, 3020),
(100157, 3021),
(100157, 3022),
(100157, 3023),
(100157, 3024),
(100157, 3025),
(100157, 3026),
(100157, 3027),
(100157, 3028),
(100157, 3029),
(100157, 3030),
(100157, 3031),
(100157, 3032),
(100157, 3033),
(100157, 3034),
(100157, 3035),
(100157, 3036),
(100157, 3037),
(100157, 3038),
(100157, 3039),
(100157, 3040),
(100157, 3041),
(100157, 3042),
(100157, 3043),
(100157, 3044),
(100157, 3045),
(100157, 3046),
(100157, 3047),
(100157, 3048),
(100157, 3049),
(100157, 3050),
(100157, 3051),
(100157, 3052),
(100157, 3053),
(100157, 3054),
(100157, 3055),
(100157, 3056),
(100157, 3057),
(100157, 3058),
(100157, 3059),
(100157, 3060),
(100157, 3061),
(100157, 3062),
(100157, 3063),
(100157, 3064),
(100157, 3065),
(100157, 3066),
(100157, 3067),
(100157, 3068),
(100157, 3069),
(100157, 3070),
(100157, 3071),
(100157, 3072),
(100157, 3073),
(100157, 3074),
(100157, 3075),
(100157, 3076),
(100157, 3077),
(100157, 3078),
(100157, 3079),
(100157, 3080),
(100157, 3081),
(100157, 3082),
(100157, 3083),
(100157, 3084),
(100157, 3085),
(100157, 3086),
(100157, 3087),
(100157, 3088),
(100157, 3089),
(100157, 3090),
(100157, 3091),
(100157, 3092),
(100157, 3093),
(100157, 3094),
(100157, 3095),
(100157, 3096),
(100157, 3097),
(100157, 3098),
(100157, 3099),
(100157, 3100),
(100157, 3101),
(100157, 3102),
(100157, 3103),
(100157, 3104),
(100157, 3105),
(100157, 3106),
(100157, 3107),
(100157, 3108),
(100157, 3109),
(100157, 3110),
(100157, 3111),
(100157, 3112),
(100157, 3113),
(100157, 3114),
(100157, 3115),
(100157, 3116),
(100157, 3117),
(100157, 3118),
(100157, 3119),
(100157, 3120),
(100157, 3121),
(100157, 3122),
(100157, 3123),
(100157, 3124),
(100157, 3125),
(100157, 3126),
(100157, 3127),
(100157, 3128),
(100157, 3129),
(100157, 3130),
(100157, 3131),
(100157, 4229),
(100157, 100158),
(100160, 3662),
(100160, 3663),
(100160, 3664),
(100160, 3665),
(100160, 3666),
(100160, 3667),
(100160, 3668),
(100160, 3669),
(100160, 3670),
(100160, 3671),
(100160, 3672),
(100160, 3673),
(100160, 3674),
(100160, 3675),
(100160, 3676),
(100160, 3677),
(100160, 3678),
(100160, 3679),
(100160, 3680),
(100160, 3681),
(100160, 3682),
(100160, 3683),
(100160, 3684),
(100160, 3685),
(100160, 3686),
(100160, 3687),
(100160, 3688),
(100160, 3689),
(100160, 3690),
(100160, 3691),
(100160, 3692),
(100160, 3693),
(100160, 3694),
(100160, 3695),
(100160, 3696),
(100160, 3697),
(100160, 3698),
(100160, 3699),
(100160, 3700),
(100160, 3701),
(100160, 3702),
(100160, 3703),
(100160, 3704),
(100160, 3705),
(100160, 3706),
(100160, 3707),
(100160, 3708),
(100160, 3709),
(100160, 3710),
(100160, 3711),
(100160, 3712),
(100160, 3713),
(100160, 3714),
(100160, 3715),
(100160, 3716),
(100160, 3717),
(100160, 3718),
(100160, 3719),
(100160, 3720),
(100160, 3721),
(100160, 3722),
(100160, 3723),
(100160, 3724),
(100160, 3725),
(100160, 3726),
(100160, 3727),
(100160, 3728),
(100160, 3729),
(100160, 3730),
(100160, 3731),
(100160, 3732),
(100160, 3733),
(100160, 3734),
(100160, 3735),
(100160, 3736),
(100160, 3737),
(100160, 3738),
(100160, 3739),
(100160, 3740),
(100160, 3741),
(100160, 3742),
(100160, 3743),
(100160, 3744),
(100160, 3745),
(100160, 3746),
(100160, 3747),
(100160, 3748),
(100160, 3749),
(100160, 3750),
(100160, 3751),
(100160, 3752),
(100160, 3753),
(100160, 3754),
(100160, 3755),
(100160, 3756),
(100160, 3757),
(100160, 3758),
(100160, 3759),
(100160, 3760),
(100160, 3761),
(100160, 3762),
(100160, 3763),
(100160, 3764),
(100160, 3765),
(100160, 3766),
(100160, 3767),
(100160, 3768),
(100160, 3769),
(100160, 3770),
(100160, 3771),
(100160, 3772),
(100160, 3773),
(100160, 3774),
(100160, 3775),
(100160, 3776),
(100161, 3993),
(100161, 3994),
(100161, 3995),
(100161, 3996),
(100161, 3997),
(100161, 3998),
(100161, 3999),
(100161, 4000),
(100161, 4001),
(100161, 4002),
(100161, 4003),
(100161, 4004),
(100161, 4005),
(100161, 4006),
(100161, 4007),
(100161, 4008),
(100161, 4009),
(100161, 4010),
(100161, 4011),
(100161, 4012),
(100161, 4013),
(100161, 4014),
(100161, 4015),
(100161, 4016),
(100161, 4017),
(100161, 4018),
(100161, 4019),
(100161, 4020),
(100161, 4021),
(100161, 4022),
(100161, 4023),
(100161, 4024),
(100161, 4025),
(100161, 4026),
(100161, 4027),
(100161, 4028),
(100161, 4029),
(100161, 4030),
(100161, 4031),
(100161, 4032),
(100161, 4033),
(100161, 4034),
(100161, 4035),
(100161, 4036),
(100161, 4037),
(100161, 4038),
(100161, 4039),
(100161, 4040),
(100161, 4041),
(100161, 4042),
(100161, 4043),
(100161, 4044),
(100161, 4045),
(100161, 4046),
(100161, 4047),
(100161, 4048),
(100161, 4049),
(100161, 4050),
(100161, 4051),
(100161, 4052),
(100161, 4053),
(100161, 4054),
(100161, 4055),
(100161, 4056),
(100161, 4057),
(100161, 4058),
(100161, 4059),
(100161, 4060),
(100161, 4061),
(100161, 4062),
(100161, 4063),
(100161, 4064),
(100161, 4065),
(100161, 4066),
(100161, 4067),
(100161, 4068),
(100161, 4069),
(100161, 4070),
(100161, 4071),
(100161, 4072),
(100161, 4073),
(100161, 4074),
(100161, 4075),
(100161, 4076),
(100161, 4077),
(100161, 4078),
(100161, 4079),
(100161, 4080),
(100161, 4081),
(100161, 4082),
(100161, 4083),
(100161, 4084),
(100161, 4085),
(100161, 4086),
(100161, 4087),
(100161, 4088),
(100161, 4089),
(100161, 4090),
(100161, 4091),
(100161, 4092),
(100161, 4093),
(100161, 4094),
(100161, 4095),
(100161, 4096),
(100161, 4097),
(100161, 4098),
(100161, 4099),
(100161, 4100),
(100161, 4101),
(100161, 4102),
(100161, 4103),
(100161, 4104),
(100161, 4105),
(100161, 4106),
(100161, 4107),
(100161, 4108),
(100161, 4109),
(100161, 4110),
(100161, 4111),
(100161, 4112),
(100161, 4113),
(100161, 4114),
(100161, 4115),
(100161, 4116),
(100161, 4117),
(100161, 4118),
(100161, 4119),
(100161, 4120),
(100161, 4121),
(100161, 4122),
(100161, 4123),
(100161, 4124),
(100161, 4125),
(100161, 4126),
(100161, 4127),
(100161, 4128),
(100161, 4129),
(100161, 4130),
(100161, 4131),
(100161, 4132),
(100161, 4133),
(100161, 4134),
(100161, 4135),
(100161, 4136),
(100161, 4137),
(100161, 4138),
(100161, 4139),
(100161, 4140),
(100161, 4141),
(100161, 4142),
(100161, 4143),
(100161, 4144),
(100161, 4145),
(100161, 4146),
(100161, 4147),
(100161, 4148),
(100161, 4149),
(100161, 4150),
(100161, 4151),
(100161, 4152),
(100161, 4153),
(100161, 4154),
(100161, 4155),
(100161, 4156),
(100161, 4157),
(100161, 4158),
(100161, 4159),
(100161, 4161),
(100161, 4162),
(100161, 4163),
(100161, 4164),
(100161, 4165),
(100161, 4166),
(100161, 4167),
(100161, 4168),
(100161, 4169),
(100161, 4170),
(100161, 4171),
(100161, 4172),
(100161, 4173),
(100161, 4174),
(100161, 4175),
(100161, 4176),
(100161, 4177),
(100161, 4178),
(100161, 4179),
(100161, 4180),
(100161, 4181),
(100161, 4182),
(100161, 4183),
(100161, 4184),
(100161, 4185),
(100161, 4186),
(100161, 4187),
(100161, 4188),
(100161, 4189),
(100161, 4190),
(100161, 4191),
(100161, 4192),
(100161, 4193),
(100161, 4194),
(100161, 4195),
(100161, 4196),
(100161, 4197),
(100161, 4198),
(100161, 4199),
(100161, 4200),
(100161, 4201),
(100161, 4202),
(100161, 4203),
(100161, 4204),
(100161, 4205),
(100161, 4206),
(100161, 4207),
(100161, 4209),
(100161, 4210),
(100161, 4211),
(100161, 4212),
(100161, 4213),
(100161, 4214),
(100161, 4215),
(100161, 4216),
(100161, 4217),
(100161, 4218),
(100161, 4219),
(100161, 4220),
(100161, 4221),
(100161, 4222),
(100161, 4223),
(100161, 4224),
(100161, 4225),
(100161, 4226),
(100161, 4227),
(100161, 4228),
(100211, 1),
(100211, 2),
(100211, 3),
(100211, 4),
(100211, 5),
(100211, 6),
(100211, 7),
(100211, 10),
(100211, 11),
(100211, 12),
(100211, 13),
(100211, 16),
(100211, 18),
(100211, 19),
(100211, 22),
(100211, 23),
(100211, 24),
(100211, 25),
(100211, 26),
(100211, 27),
(100211, 28),
(100211, 29),
(100211, 30),
(100211, 31),
(100211, 32),
(100211, 33),
(100211, 34),
(100211, 35),
(100211, 36),
(100211, 37),
(100211, 38),
(100211, 39),
(100211, 40),
(100211, 41),
(100211, 42),
(100211, 44),
(100211, 45),
(100211, 46),
(100211, 47),
(100211, 48),
(100211, 49),
(100211, 50),
(100211, 51),
(100211, 52),
(100211, 53),
(100211, 54),
(100211, 55),
(100211, 56),
(100211, 57),
(100211, 58),
(100211, 59),
(100211, 60),
(100211, 61),
(100211, 62),
(100211, 63),
(100211, 65),
(100211, 67),
(100211, 70),
(100211, 71),
(100211, 72),
(100211, 73),
(100211, 74),
(100211, 75),
(100211, 76),
(100211, 77),
(100211, 79),
(100211, 80),
(100211, 82),
(100211, 83),
(100211, 84),
(100211, 85),
(100211, 87),
(100211, 88),
(100211, 90),
(100211, 91),
(100211, 93),
(100211, 94),
(100211, 95),
(100211, 97),
(100211, 98),
(100211, 99),
(100211, 101),
(100211, 102),
(100211, 103),
(100211, 104),
(100211, 105),
(100211, 106),
(100211, 108),
(100211, 109),
(100211, 111),
(100211, 112),
(100211, 114),
(100211, 115),
(100211, 117),
(100211, 118),
(100211, 122),
(100211, 124),
(100211, 125),
(100211, 126),
(100211, 127),
(100211, 128),
(100211, 129),
(100211, 132),
(100211, 135),
(100211, 136),
(100211, 137),
(100211, 138),
(100211, 140),
(100211, 141),
(100211, 142),
(100211, 144),
(100211, 145),
(100211, 146),
(100211, 147),
(100211, 148),
(100211, 149),
(100211, 150),
(100211, 151),
(100211, 152),
(100211, 153),
(100211, 154),
(100211, 155),
(100211, 157),
(100211, 159),
(100211, 160),
(100211, 161),
(100211, 163),
(100211, 165),
(100211, 166),
(100211, 167),
(100211, 168),
(100211, 169),
(100211, 170),
(100211, 171),
(100211, 172),
(100211, 173),
(100211, 174),
(100211, 175),
(100211, 178),
(100211, 179),
(100211, 180),
(100211, 181),
(100211, 182),
(100211, 183),
(100211, 185),
(100211, 187),
(100211, 189),
(100211, 191),
(100211, 192),
(100211, 193),
(100211, 194),
(100211, 195),
(100211, 196),
(100211, 197),
(100211, 198),
(100211, 199),
(100211, 200),
(100211, 201),
(100211, 202),
(100211, 203),
(100211, 204),
(100211, 205),
(100211, 206),
(100211, 208),
(100211, 209),
(100211, 210),
(100211, 211),
(100211, 212),
(100211, 213),
(100211, 214),
(100211, 215),
(100211, 216),
(100211, 217),
(100211, 218),
(100211, 220),
(100211, 221),
(100211, 222),
(100211, 223),
(100211, 224),
(100211, 225),
(100211, 226),
(100211, 227),
(100211, 228),
(100211, 229),
(100211, 230),
(100211, 231),
(100211, 232),
(100211, 233),
(100211, 234),
(100211, 235),
(100211, 236),
(100211, 237),
(100211, 238),
(100211, 239),
(100211, 241),
(100211, 242),
(100211, 244),
(100211, 245),
(100211, 246),
(100211, 249),
(100211, 250),
(100211, 252),
(100211, 253),
(100211, 254),
(100211, 255),
(100211, 256),
(100211, 257),
(100211, 259),
(100211, 261),
(100211, 263),
(100211, 265),
(100211, 266),
(100211, 267),
(100211, 268),
(100211, 269),
(100211, 270),
(100211, 271),
(100211, 272),
(100211, 274),
(100211, 275),
(100211, 276),
(100211, 277),
(100211, 278),
(100211, 279),
(100211, 280),
(100211, 282),
(100211, 283),
(100211, 284),
(100211, 286),
(100211, 287),
(100211, 290),
(100211, 292),
(100211, 293),
(100211, 294),
(100211, 295),
(100211, 296),
(100211, 297),
(100211, 298),
(100211, 299),
(100211, 300),
(100211, 301),
(100211, 302),
(100211, 303),
(100211, 304),
(100211, 305),
(100211, 306),
(100211, 308),
(100211, 310),
(100211, 311),
(100211, 312),
(100211, 314),
(100211, 315),
(100211, 316),
(100211, 317),
(100211, 318),
(100211, 319),
(100211, 322),
(100211, 323),
(100211, 324),
(100211, 325),
(100211, 326),
(100211, 327),
(100211, 329),
(100211, 330),
(100211, 332),
(100211, 334),
(100211, 336),
(100211, 337),
(100211, 339),
(100211, 340),
(100211, 343),
(100211, 345),
(100211, 346),
(100211, 347),
(100211, 348),
(100211, 349),
(100211, 351),
(100211, 354),
(100211, 355),
(100211, 356),
(100211, 357),
(100211, 358),
(100211, 359),
(100211, 360),
(100211, 361),
(100211, 362),
(100211, 364),
(100211, 365),
(100211, 367),
(100211, 368),
(100211, 370),
(100211, 372),
(100211, 373),
(100211, 374),
(100211, 375),
(100211, 376),
(100211, 377),
(100211, 380),
(100211, 382),
(100211, 384),
(100211, 385),
(100211, 386),
(100211, 387),
(100211, 388),
(100211, 389),
(100211, 390),
(100211, 391),
(100211, 392),
(100211, 393),
(100211, 394),
(100211, 395),
(100211, 396),
(100211, 397),
(100211, 399),
(100211, 400),
(100211, 401),
(100211, 402),
(100211, 404),
(100211, 405),
(100211, 406),
(100211, 407),
(100211, 408),
(100211, 409),
(100211, 410),
(100211, 411),
(100211, 412),
(100211, 413),
(100211, 414),
(100211, 415),
(100211, 416),
(100211, 417),
(100211, 418),
(100211, 419),
(100211, 420),
(100211, 421),
(100211, 423),
(100211, 425),
(100211, 426),
(100211, 427),
(100211, 429),
(100211, 430),
(100211, 431),
(100211, 432),
(100211, 433),
(100211, 434),
(100211, 435),
(100211, 436),
(100211, 437),
(100211, 440),
(100211, 441),
(100211, 442),
(100211, 443),
(100211, 444),
(100211, 445),
(100211, 446),
(100211, 447),
(100211, 448),
(100211, 451),
(100211, 452),
(100211, 453),
(100211, 455),
(100211, 456),
(100211, 457),
(100211, 458),
(100211, 459),
(100211, 460),
(100211, 461),
(100211, 462),
(100211, 463),
(100211, 465),
(100211, 466),
(100211, 467),
(100211, 469),
(100211, 470),
(100211, 471),
(100211, 472),
(100211, 473),
(100211, 474),
(100211, 475),
(100211, 476),
(100211, 477),
(100211, 478),
(100211, 479),
(100211, 480),
(100211, 481),
(100211, 482),
(100211, 484),
(100211, 485),
(100211, 487),
(100211, 488),
(100211, 489),
(100211, 490),
(100211, 492),
(100211, 493),
(100211, 494),
(100211, 495),
(100211, 496),
(100211, 497),
(100211, 498),
(100211, 499),
(100211, 500),
(100211, 501),
(100211, 503),
(100211, 504),
(100211, 505),
(100211, 506),
(100211, 508),
(100211, 1034),
(100211, 1035),
(100211, 1036),
(100211, 1037),
(100211, 1038),
(100211, 1039),
(100211, 1040),
(100211, 1041),
(100211, 1042),
(100211, 100164),
(100211, 100165),
(100211, 100166),
(100211, 100167),
(100211, 100168),
(100211, 100170),
(100211, 100172),
(100211, 100173),
(100211, 100174),
(100211, 100175),
(100211, 100176),
(100211, 100177),
(100211, 100178),
(100211, 100179),
(100211, 100180),
(100211, 100181),
(100211, 100182),
(100211, 100183),
(100211, 100184),
(100211, 100185),
(100211, 100186),
(100211, 100187),
(100211, 100188),
(100211, 100189),
(100211, 100190),
(100211, 100191),
(100211, 100192),
(100211, 100193),
(100211, 100194),
(100211, 100195),
(100211, 100196),
(100211, 100197),
(100211, 100198),
(100211, 100199),
(100211, 100200),
(100211, 100201),
(100211, 100202),
(100211, 100204),
(100211, 100205),
(100211, 100212),
(100211, 100213),
(100211, 100214),
(100211, 100215),
(100211, 100216);

-- --------------------------------------------------------

--
-- Table structure for table `white_cards`
--

DROP TABLE IF EXISTS `white_cards`;
CREATE TABLE IF NOT EXISTS `white_cards` (
  `id` int(11) NOT NULL,
  `text` varchar(255) NOT NULL,
  `watermark` varchar(5) DEFAULT NULL,
  PRIMARY KEY (`id`)
) ENGINE=MyISAM DEFAULT CHARSET=latin1;

--
-- Dumping data for table `white_cards`
--

INSERT INTO `white_cards` (`id`, `text`, `watermark`) VALUES
(282, 'Michelle Obama''s arms.', NULL),
(124, 'White people.', NULL),
(393, 'An erection that lasts longer than four hours.', NULL),
(141, 'Panda sex.', NULL),
(121, 'Stifling a giggle at the mention of Hutus and Tutsis.', NULL),
(269, 'A middle-aged man on roller skates.', NULL),
(1, 'Coat hanger abortions.', NULL),
(138, 'Scrubbing under the folds.', NULL),
(275, 'Wearing underwear inside-out to avoid doing laundry.', NULL),
(3662, 'Canadian Kindness.', 'RS'),
(1146, 'end First Expansion', NULL),
(3663, 'The world''s tallest midget.', 'RS'),
(462, 'MechaHitler.', '1.2'),
(463, 'Getting naked and watching Nickelodeon.', '1.2'),
(464, 'Charisma.', '1.2'),
(465, 'Morgan Freeman''s voice.', '1.2'),
(466, 'Breaking out into song and dance.', '1.2'),
(467, 'Soup that is too hot.', '1.2'),
(468, 'Chutzpah.', '1.2'),
(469, 'Unfathomable stupidity.', '1.2'),
(470, 'Horrifying laser hair removal accidents.', '1.2'),
(471, 'Boogers.', '1.2'),
(3664, 'The shitty remains of Taco Bell®.', 'RS'),
(473, 'Expecting a burp and vomiting on the floor.', '1.2'),
(474, 'A defective condom.', '1.2'),
(475, 'Teenage pregnancy.', '1.2'),
(476, 'Hot cheese.', '1.2'),
(477, 'A mopey zoo lion.', '1.2'),
(478, 'Shapeshifters.', '1.2'),
(479, 'The Care Bear Stare.', '1.2'),
(480, 'Erectile dysfunction.', '1.2'),
(481, 'The chronic.', '1.2'),
(483, '"Tweeting."', '1.2'),
(484, 'Firing a rifle into the air while balls deep in a squealing hog.', '1.2'),
(485, 'Nicolas Cage.', '1.2'),
(3665, 'Master Chief.', 'RS'),
(1110, 'Leveling up.', 'X1'),
(1111, 'Literally eating shit.', 'X1'),
(1112, 'Making the penises kiss.', 'X1'),
(1113, 'Media coverage.', 'X1'),
(3666, 'Four Loko.', 'RS'),
(1115, 'Moral ambiguity.', 'X1'),
(1116, 'My machete.', 'X1'),
(1117, 'One thousand Slim Jims.', 'X1'),
(1118, 'Ominous background music.', 'X1'),
(1119, 'Overpowering your father.', 'X1'),
(1120, 'Pistol-whipping a hostage.', 'X1'),
(1121, 'Quiche.', 'X1'),
(1122, 'Quivering jowls.', 'X1'),
(1123, 'Revenge fucking.', 'X1'),
(1124, 'Ripping into a man''s chest and pulling out his still-beating heart.', 'X1'),
(1125, 'Ryan Gosling riding in on a white horse.', 'X1'),
(1126, 'Santa Claus.', 'X1'),
(1127, 'Scrotum tickling.', 'X1'),
(1128, 'Sexual humiliation.', 'X1'),
(1129, 'Sexy Siamese twins.', 'X1'),
(1130, 'Slow motion.', 'X1'),
(1131, 'Space muffins.', 'X1'),
(1132, 'Statistically validated stereotypes.', 'X1'),
(1133, 'Sudden Poop Explosion Disease.', 'X1'),
(1134, 'The boners of the elderly.', 'X1'),
(1135, 'The economy.', 'X1'),
(225, 'Dropping a chandelier on your enemies and riding the rope up.', NULL),
(297, 'Public ridicule.', NULL),
(265, 'A snapping turtle biting the tip of your penis.', NULL),
(218, 'Vehicular manslaughter.', NULL),
(3667, 'Xyzzy playing around with gender roles.', 'RS'),
(160, 'The token minority.', NULL),
(3668, 'Walt Disney''s frozen head.', 'RS'),
(3669, 'Sponge baths.', 'RS'),
(488, 'A gentle caress of the inner thigh.', '1.2'),
(489, 'Poor life choices.', '1.2'),
(490, 'Embryonic stem cells.', '1.2'),
(491, 'Customer service representatives.', '1.2'),
(492, 'The Little Engine That Could.', '1.2'),
(493, 'Lady Gaga.', '1.2'),
(494, 'A death ray.', '1.2'),
(495, 'Vigilante justice.', '1.2'),
(496, 'Exactly what you''d expect.', '1.2'),
(497, 'Natural male enhancement.', '1.2'),
(498, 'Passive-aggressive Post-it notes.', '1.2'),
(499, 'Inappropriate yodeling.', '1.2'),
(500, 'A homoerotic volleyball montage.', '1.2'),
(501, 'Actually taking candy from a baby.', '1.2'),
(502, 'Jibber-jabber.', '1.2'),
(503, 'Crystal meth.', '1.2'),
(504, 'My inner demons.', '1.2'),
(505, 'Pac-Man uncontrollably guzzling cum.', '1.2'),
(506, 'My vagina.', '1.2'),
(3670, 'Sonic brutally murdering Mario.', 'RS'),
(508, 'The true meaning of Christmas.', '1.2'),
(3671, 'Mario brutally murdering Sonic.', 'RS'),
(1137, 'The Gulags.', 'X1'),
(1138, 'The harsh light of day.', 'X1'),
(1139, 'The hiccups.', 'X1'),
(1140, 'The shambling corpse of Larry King.', 'X1'),
(1141, 'The four arms of Vishnu.', 'X1'),
(1142, 'Being a busy adult with many important things to do.', 'X1'),
(1143, 'Tripping balls.', 'X1'),
(1144, 'Words, words, words.', 'X1'),
(1145, 'Zeus''s sexual appetites.', 'X1'),
(1066, 'A big black dick.', 'X1'),
(1067, 'A beached whale.', 'X1'),
(1068, 'A bloody pacifier.', 'X1'),
(1069, 'A crappy little hand.', 'X1'),
(1070, 'A low standard of living.', 'X1'),
(1071, 'A nuanced critique.', 'X1'),
(1072, 'Panty raids.', 'X1'),
(1073, 'A passionate Latino lover.', 'X1'),
(1074, 'A rival dojo.', 'X1'),
(1075, 'A web of lies.', 'X1'),
(1076, 'A woman scorned.', 'X1'),
(1078, 'Apologizing.', 'X1'),
(1079, 'Appreciative snapping.', 'X1'),
(1080, 'Neil Patrick Harris.', 'X1'),
(1081, 'Beating your wives.', 'X1'),
(1082, 'Being a dinosaur.', 'X1'),
(1083, 'Shaft.', 'X1'),
(1217, 'A soulful rendition of "Ol'' Man River."', 'X2'),
(1218, 'Intimacy problems.', 'X2'),
(1219, 'A sweaty, panting leather daddy.', 'X2'),
(1220, 'Spring break!', 'X2'),
(1221, 'Being awesome at sex.', 'X2'),
(1222, 'Dining with cardboard cutouts of the cast of "Friends."', 'X2'),
(461, 'Flying sex snakes.', '1.2'),
(1077, 'Clams.', 'X1'),
(1223, 'Another shot of morphine.', 'X2'),
(1226, 'Bullshit.', 'X2'),
(1227, 'The Google.', 'X2'),
(3672, 'Getting high on bath salts.', 'RS'),
(1229, 'The new Radiohead album.', 'X2'),
(1230, 'An army of skeletons.', 'X2'),
(1231, 'A man in yoga pants with a ponytail and feather earrings.', 'X2'),
(1232, 'Mild autism.', 'X2'),
(1233, 'Nunchuck moves.', 'X2'),
(1234, 'Whipping a disobedient slave.', 'X2'),
(1235, 'An ether-soaked rag.', 'X2'),
(1236, 'A sweet spaceship.', 'X2'),
(1237, 'A 55-gallon drum of lube.', 'X2'),
(1238, 'Special musical guest, Cher.', 'X2'),
(1239, 'The human body.', 'X2'),
(1240, 'Boris the Soviet Love Hammer.', 'X2'),
(1241, 'The grey nutrient broth that sustains Mitt Romney.', 'X2'),
(1242, 'Tiny nipples.', 'X2'),
(1243, 'Power.', 'X2'),
(1244, 'Oncoming traffic.', 'X2'),
(1245, 'A dollop of sour cream.', 'X2'),
(1246, 'A slightly shittier parallel universe.', 'X2'),
(1247, 'My first kill.', 'X2'),
(1248, 'Graphic violence, adult language, and some sexual content.', 'X2'),
(1249, 'Fetal alcohol syndrome.', 'X2'),
(1250, 'The day the birds attacked.', 'X2'),
(1251, 'One Ring to rule them all.', 'X2'),
(1252, 'Grandpa''s ashes.', 'X2'),
(1253, 'Basic human decency.', 'X2'),
(1254, 'A Burmese tiger pit.', 'X2'),
(1255, 'Death by Steven Seagal.', 'X2'),
(1002, 'testtest', NULL),
(1031, 'End Canadian White Cards', NULL),
(1010, 'Mr. Dressup.', 'CAN'),
(1011, 'Being Canadian.', 'CAN'),
(1012, 'The Famous Five.', 'CAN'),
(1013, 'Stephen Harper.', 'CAN'),
(1014, 'The Royal Canadian Mounted Police.', 'CAN'),
(1015, 'An icy handjob from an Edmonton hooker.', 'CAN'),
(1016, 'Poutine.', 'CAN'),
(1017, 'Newfies.', 'CAN'),
(1018, 'The Official Languages Act. La Loi sur les langues officielles.', 'CAN'),
(1019, 'Terry Fox''s prosthetic leg.', 'CAN'),
(1020, 'The FLQ.', 'CAN'),
(1021, 'Canada: America''s Hat.', 'CAN'),
(1022, 'Don Cherry''s wardrobe.', 'CAN'),
(1023, 'Burning down the White House.', 'CAN'),
(1024, 'Heritage minutes.', 'CAN'),
(1025, 'Homo milk.', 'CAN'),
(1026, 'Naked News.', 'CAN'),
(1027, 'Syrupy sex with a maple tree.', 'CAN'),
(1028, 'Snotsicles.', 'CAN'),
(1029, 'Schmirler the Curler.', 'CAN'),
(1030, 'A Molson muscle.', 'CAN'),
(1181, 'A bigger, blacker dick.', 'X2'),
(3673, 'Snorting Pixie Stix.', 'RS'),
(1183, 'A sad fat dragon with no friends.', 'X2'),
(1184, 'Catastrophic urethral trauma.', 'X2'),
(1185, 'Hillary Clinton''s death stare.', 'X2'),
(1186, 'Existing.', 'X2'),
(3674, 'Poorly written Star Wars® fan fiction.', 'RS'),
(1188, 'Mooing.', 'X2'),
(1189, 'Swiftly achieving orgasm.', 'X2'),
(1190, 'Daddy''s belt.', 'X2'),
(1191, 'Double penetration.', 'X2'),
(1192, 'Weapons-grade plutonium.', 'X2'),
(1193, 'Some really fucked-up shit.', 'X2'),
(1194, 'Subduing a grizzly bear and making her your wife.', 'X2'),
(1195, 'Rising from the grave.', 'X2'),
(1196, 'The mixing of the races.', 'X2'),
(1197, 'Taking a man''s eyes and balls out and putting his eyes where his balls go and then his balls in the eye holes.', 'X2'),
(1198, 'Scrotal frostbite.', 'X2'),
(1199, 'All of this blood.', 'X2'),
(1200, 'Loki, the trickster god.', 'X2'),
(1201, 'Whining like a little bitch.', 'X2'),
(1202, 'Pumping out a baby every nine months.', 'X2'),
(1203, 'Tongue.', 'X2'),
(1204, 'Finding Waldo.', 'X2'),
(1205, 'Upgrading homeless people to mobile hotspots.', 'X2'),
(1206, 'Wearing an octopus for a hat.', 'X2'),
(1207, 'An unhinged ferris wheel rolling toward the sea.', 'X2'),
(1208, 'Living in a trashcan.', 'X2'),
(1209, 'The corporations.', 'X2'),
(1210, 'A magic hippie love cloud.', 'X2'),
(1211, 'Fuck Mountain.', 'X2'),
(1212, 'Survivor''s guilt.', 'X2'),
(1213, 'Me.', 'X2'),
(1214, 'Getting hilariously gang-banged by the Blue Man Group.', 'X2'),
(1215, 'Jeff Goldblum.', 'X2'),
(1216, 'Making a friend.', 'X2'),
(44, 'German dungeon porn.', NULL),
(40, 'Praying the gay away.', NULL),
(63, 'Dying.', NULL),
(41, 'Same-sex ice dancing.', NULL),
(70, 'Dying of dysentery.', NULL),
(19, 'Roofies.', NULL),
(22, 'The Big Bang.', NULL),
(23, 'Amputees.', NULL),
(74, 'Men.', NULL),
(18, 'Concealing a boner.', NULL),
(87, 'Agriculture.', NULL),
(51, 'Making a pouty face.', NULL),
(98, 'YOU MUST CONSTRUCT ADDITIONAL PYLONS.', NULL),
(60, 'Hormone injections.', NULL),
(55, 'Tom Cruise.', NULL),
(56, 'Object permanence.', NULL),
(92, 'Consultants.', NULL),
(26, 'Being marginalized.', NULL),
(54, 'The profoundly handicapped.', NULL),
(96, 'Party poopers.', NULL),
(48, 'Nickelback.', NULL),
(7, 'Doing the right thing.', NULL),
(65, 'The invisible hand.', NULL),
(49, 'Heteronormativity.', NULL),
(29, 'Cuddling.', NULL),
(84, 'Raptor attacks.', NULL),
(38, 'Fear itself.', NULL),
(91, 'Sniffing glue.', NULL),
(58, 'An icepick lobotomy.', NULL),
(109, 'Being rich.', NULL),
(79, 'The clitoris.', NULL),
(71, 'Sexy pillow fights.', NULL),
(105, 'Michael Jackson.', NULL),
(101, 'Sexting.', NULL),
(33, 'Horse meat.', NULL),
(8, 'Hunting accidents.', NULL),
(9, 'A cartoon camel enjoying the smooth, refreshing taste of a cigarette.', NULL),
(15, 'Abstinence.', NULL),
(17, 'Mountain Dew Code Red.', NULL),
(21, 'Tweeting.', NULL),
(43, 'Making sex at her.', NULL),
(64, 'Stunt doubles.', NULL),
(69, 'Flavored condoms.', NULL),
(100, 'Heath Ledger.', NULL),
(110, 'Muzzy.', NULL),
(97, 'Sunshine and rainbows.', NULL),
(68, 'Flash flooding.', NULL),
(57, 'Goblins.', NULL),
(13, 'Spectacular abs.', NULL),
(72, 'The Three-Fifths compromise.', NULL),
(4, 'Vigorous jazz hands.', NULL),
(106, 'Skeletor.', NULL),
(80, 'Vikings.', NULL),
(34, 'Genital piercings.', NULL),
(3675, 'The final circle of Hell.', 'RS'),
(67, 'A really cool hat.', NULL),
(102, 'An Oedipus complex.', NULL),
(82, 'The Underground Railroad.', NULL),
(77, 'Heartwarming orphans.', NULL),
(47, 'Cheating in the Special Olympics.', NULL),
(108, 'Sharing needles.', NULL),
(46, 'Ethnic cleansing.', NULL),
(103, 'Eating all of the cookies before the AIDS bake-sale.', NULL),
(93, 'My humps.', NULL),
(10, 'The violation of our most basic human rights.', NULL),
(35, 'Fingering.', NULL),
(53, 'The placenta.', NULL),
(5, 'Flightless birds.', NULL),
(37, 'Stranger danger.', NULL),
(107, 'Chivalry.', NULL),
(76, 'Sean Penn.', NULL),
(73, 'A sad handjob.', NULL),
(66, 'Jew-fros.', NULL),
(12, 'Self-loathing.', NULL),
(61, 'A falcon with a cap on its head.', NULL),
(75, 'Historically black colleges.', NULL),
(30, 'Aaron Burr.', NULL),
(25, 'Former President George W. Bush.', NULL),
(94, 'Geese.', NULL),
(99, 'Mutually-assured destruction.', NULL),
(88, 'Bling.', NULL),
(27, 'Smegma.', NULL),
(90, 'The South.', NULL),
(83, 'Pretending to care.', NULL),
(59, 'Arnold Schwarzenegger.', NULL),
(20, 'Glenn Beck convulsively vomiting as a brood of crab spiders hatches in his brain and erupts from his tear ducts.', NULL),
(104, 'A sausage festival.', NULL),
(62, 'Foreskin.', NULL),
(95, 'Being a dick to children.', NULL),
(52, 'Chainsaws for hands.', NULL),
(86, 'A Gypsy curse.', NULL),
(31, 'The Pope.', NULL),
(16, 'A balanced breakfast.', NULL),
(36, 'Elderly Japanese men.', NULL),
(6, 'Pictures of boobs.', NULL),
(39, 'Science.', NULL),
(32, 'A bleached asshole.', NULL),
(3, 'Autocannibalism.', NULL),
(50, 'William Shatner.', NULL),
(85, 'A micropenis.', NULL),
(78, 'Waterboarding.', NULL),
(45, 'Bingeing and purging.', NULL),
(89, 'A clandestine butt scratch.', NULL),
(2, 'Man meat.', NULL),
(28, 'Laying an egg.', NULL),
(14, 'An honest cop with nothing left to lose.', NULL),
(42, 'The terrorists.', NULL),
(81, 'Friends who eat all the snacks.', NULL),
(1043, 'end misprint bonus card', NULL),
(1034, 'A bitch slap.', 'B'),
(1035, 'One trillion dollars.', 'B'),
(1036, 'Chunks of dead prostitute.', 'B'),
(1037, 'The entire Mormon Tabernacle Choir.', 'B'),
(1038, 'The female orgasm.', 'B'),
(1039, 'Extremely tight pants.', 'B'),
(1040, 'Stormtroopers.', 'B'),
(1041, 'The Boy Scouts of America.', 'B'),
(1042, 'Throwing a virgin into a volcano.', 'B'),
(120, 'Cookie Monster devouring the Eucharist wafers.', NULL),
(123, 'Letting yourself go.', NULL),
(3676, 'The Bible.', 'RS'),
(131, 'A LAN party.', NULL),
(133, 'A grande sugar-free iced soy caramel macchiato.', NULL),
(143, 'Will Smith.', NULL),
(156, 'Marky Mark and the Funky Bunch.', NULL),
(158, 'Dave Matthews Band.', NULL),
(164, 'Substitute teachers.', NULL),
(177, 'Garth Brooks.', NULL),
(188, 'Keeping Christ in Christmas.', NULL),
(190, 'That one gay Teletubby.', NULL),
(216, 'Passive-agression.', NULL),
(3677, 'Borat''s one piece.', 'RS'),
(248, 'The People''s Elbow.', NULL),
(230, 'Guys who don''t call.', NULL),
(152, 'AIDS.', NULL),
(187, 'The Rapture.', NULL),
(244, 'Eugenics.', NULL),
(181, 'Taking off your shirt.', NULL),
(139, 'A drive-by shooting.', NULL),
(217, 'Ronald Reagan.', NULL),
(195, 'Jewish fraternities.', NULL),
(198, 'All-you-can-eat shrimp for $4.99.', NULL),
(233, 'Scalping.', NULL),
(196, 'Edible underpants.', NULL),
(154, 'Figgy pudding.', NULL),
(240, 'Intelligent design.', NULL),
(207, 'Nocturnal emissions.', NULL),
(119, 'Uppercuts.', NULL),
(180, 'The American Dream.', NULL),
(226, 'Testicular torsion.', NULL),
(201, 'The folly of man.', NULL),
(153, 'The KKK.', NULL),
(241, 'The taint; the grundle; the fleshy fun-bridge.', NULL),
(237, 'Saxophone solos.', NULL),
(200, 'That thing that electrocutes your abs.', NULL),
(176, 'Oversized lollipops.', NULL),
(161, 'Friends with benefits.', NULL),
(137, 'Teaching a robot to love.', NULL),
(205, 'Me time.', NULL),
(250, 'The heart of a child.', NULL),
(252, 'Smallpox blankets.', NULL),
(127, 'Yeast.', NULL),
(214, 'Full frontal nudity.', NULL),
(175, 'Authentic Mexican cuisine.', NULL),
(253, 'Licking things to claim them as your own.', NULL),
(174, 'Genghis Khan.', NULL),
(209, 'The hardworking Mexican.', NULL),
(189, 'RoboCop.', NULL),
(112, 'Spontaneous human combustion.', NULL),
(128, 'Natural selection.', NULL),
(245, 'A good sniff.', NULL),
(212, 'Nipple blades.', NULL),
(126, 'Leaving an awkward voicemail.', NULL),
(213, 'Assless chaps.', NULL),
(191, 'Sweet, sweet vengeance.', NULL),
(243, 'Keg stands.', NULL),
(232, 'Darth Vader.', NULL),
(114, 'Necrophilia.', NULL),
(144, 'Toni Morrison''s vagina.', NULL),
(159, 'Preteens.', NULL),
(185, 'A cooler full of organs.', NULL),
(178, 'Keanu Reeves.', NULL),
(166, 'A thermonuclear detonation.', NULL),
(186, 'A moment of silence.', NULL),
(142, 'Catapults.', NULL),
(118, 'Emotions.', NULL),
(151, 'Balls.', NULL),
(234, 'Homeless people.', NULL),
(173, 'Old-people smell.', NULL),
(117, 'Farting and walking away.', NULL),
(206, 'The inevitable heat death of the universe.', NULL),
(24, 'The Rev. Dr. Martin Luther King, Jr.', NULL),
(136, 'Sperm whales.', NULL),
(204, 'A murder most foul.', NULL),
(208, 'Daddy issues.', NULL),
(199, 'Britney Spears at 55.', NULL),
(210, 'Natalie Portman.', NULL),
(223, 'The Holy Bible.', NULL),
(3678, 'LOOK AT THIS PHOTOGRAPH!', 'RS'),
(220, 'Pulling out.', NULL),
(163, 'Pixelated bukkake.', NULL),
(168, 'Waiting ''til marriage.', NULL),
(235, 'The World of Warcraft.', NULL),
(116, 'Global warming.', NULL),
(224, 'World peace.', NULL),
(170, 'A can of whoop-ass.', NULL),
(148, 'A zesty breakfast burrito.', NULL),
(221, 'Picking up girls at the abortion clinic.', NULL),
(146, 'Land mines.', NULL),
(113, 'College.', NULL),
(228, 'A time travel paradox.', NULL),
(155, 'Seppuku.', NULL),
(211, 'Waking up half-naked in a Denny''s parking lot.', NULL),
(149, 'Christopher Walken.', NULL),
(236, 'Gloryholes.', NULL),
(169, 'A tiny horse.', NULL),
(184, 'Child abuse.', NULL),
(219, 'Menstruation.', NULL),
(135, 'A sassy black woman.', NULL),
(162, 'Re-gifting.', NULL),
(122, 'Penis envy.', NULL),
(179, 'Drinking alone.', NULL),
(215, 'Hulk Hogan.', NULL),
(3679, 'A 1971 Ford Pinto.', 'RS'),
(140, 'Whipping it out.', NULL),
(171, 'Dental dams.', NULL),
(157, 'Gandhi.', NULL),
(239, 'God.', NULL),
(150, 'Friction.', NULL),
(147, 'A sea of troubles.', NULL),
(197, 'Poor people.', NULL),
(183, 'Flesh-eating bacteria.', NULL),
(125, 'Dick Cheney.', NULL),
(246, 'Lockjaw.', NULL),
(165, 'Take-backsies.', NULL),
(132, 'Opposable thumbs.', NULL),
(222, 'The homosexual agenda.', NULL),
(202, 'Fiery poops.', NULL),
(203, 'Cards Against Humanity.', NULL),
(3680, 'Shitting on the White House lawn.', 'RS'),
(238, 'Sean Connery.', NULL),
(227, 'The milk man.', NULL),
(115, 'The Chinese gymnastics team.', NULL),
(231, 'Eating the last known bison.', NULL),
(134, 'Soiling oneself.', NULL),
(182, 'Giving 110%.', NULL),
(242, 'Friendly fire.', NULL),
(111, 'Count Chocula.', NULL),
(172, 'Feeding Rosie O''Donnell.', NULL),
(251, 'Seduction.', NULL),
(194, 'Being a motherfucking sorcerer.', NULL),
(264, 'Eastern European Turbo-Folk music.', NULL),
(273, 'Douchebags on their iPhones.', NULL),
(281, 'The deformed.', NULL),
(285, 'Donald Trump.', NULL),
(288, 'This answer is postmodern.', NULL),
(301, 'African children.', NULL),
(307, 'Have some more kugel.', NULL),
(310, 'Crippling debt.', NULL),
(313, 'Shorties and blunts.', NULL),
(328, '(I am doing Kegels right now.)', NULL),
(331, 'Bestiality.', NULL),
(333, 'Drum circles.', NULL),
(338, 'Inappropriate yelling.', NULL),
(341, 'The Thong Song.', NULL),
(342, 'A vajazzled vagina.', NULL),
(3681, 'Mountain Dew® Baja Blast.', 'RS'),
(3682, 'Nessie.', 'RS'),
(363, 'Tiger Woods.', NULL),
(371, 'PCP.', NULL),
(383, 'Mr. Snuffleupagus.', NULL),
(394, 'A disappointing birthday party.', NULL),
(319, 'Puppies!', NULL),
(308, 'A windmill full of corpses.', NULL),
(340, 'Being on fire.', NULL),
(372, 'A lifetime of sadness.', NULL),
(258, 'Pterodactyl eggs.', NULL),
(289, 'Crumpets with the Queen.', NULL),
(344, 'Exchanging pleasantries.', NULL),
(276, 'Republicans.', NULL),
(321, 'Kim Jong-il.', NULL),
(366, 'Glenn Beck being harried by a swarm of buzzards.', NULL),
(254, 'A salty surprise.', NULL),
(330, 'The Jews.', NULL),
(324, 'Incest.', NULL),
(3683, 'Princess Peach''s Cake.', 'RS'),
(391, 'Nazis.', NULL),
(292, 'Repression.', NULL),
(287, 'Attitude.', NULL),
(361, 'Passable transvestites.', NULL),
(395, 'Puberty.', NULL),
(374, 'Swooping.', NULL),
(4221, 'Rob Liefeld.', 'TGWTG'),
(379, 'A look-see.', NULL),
(348, 'Lactation.', NULL),
(266, 'Pabst Blue Ribbon.', NULL),
(357, 'The gays.', NULL),
(278, 'A foul mouth.', NULL),
(377, 'A hot mess.', NULL),
(268, 'My collection of high-tech sex toys.', NULL),
(318, 'Bees?', NULL),
(388, 'Getting drunk on mouthwash.', NULL),
(277, 'The glass ceiling.', NULL),
(286, 'Sarah Palin.', NULL),
(291, 'Team-building exercises.', NULL),
(290, 'Frolicking.', NULL),
(380, 'Not giving a shit about the Third World.', NULL),
(345, 'My relationship status.', NULL),
(384, 'Barack Obama.', NULL),
(302, 'Mouth herpes.', NULL),
(386, 'Wiping her butt.', NULL),
(263, 'Pedophiles.', NULL),
(373, 'Doin'' it in the butt.', NULL),
(347, 'Being fabulous.', NULL),
(389, 'An M. Night Shyamalan plot twist.', NULL),
(294, 'A bag of magic beans.', NULL),
(296, 'Dead parents.', NULL),
(257, 'My sex life.', NULL),
(343, 'Riding off into the sunset.', NULL),
(364, 'Dick fingers.', NULL),
(362, 'The Virginia Tech Massacre.', NULL),
(387, 'Queefing.', NULL),
(339, 'Tangled Slinkys.', NULL),
(337, 'Civilian casualties.', NULL),
(316, 'Leprosy.', NULL),
(325, 'Grave robbing.', NULL),
(376, 'Tentacle porn.', NULL),
(304, 'Bill Nye the Science Guy.', NULL),
(370, 'New Age music.', NULL),
(261, '72 virgins.', NULL),
(322, 'Hope.', NULL),
(314, 'Passing a kidney stone.', NULL),
(299, 'A mime having a stroke.', NULL),
(368, 'Classist undertones.', NULL),
(298, 'A mating display.', NULL),
(382, 'The Kool-Aid Man.', NULL),
(349, 'Not reciprocating oral sex.', NULL),
(352, 'Date rape.', NULL),
(306, 'Italians.', NULL),
(256, 'My soul.', NULL),
(3684, 'Two midgets stacked up pretending to be one person.', 'RS'),
(312, 'A stray pube.', NULL),
(279, 'Jerking off into a pool of children''s tears.', NULL),
(280, 'Getting really high.', NULL),
(378, 'Too much hair gel.', NULL),
(303, 'Overcompensation.', NULL),
(272, 'Free samples.', NULL),
(346, 'Shaquille O''Neal''s acting career.', NULL),
(271, 'Half-assed foreplay.', NULL),
(283, 'Explosions.', NULL),
(392, 'White privilege.', NULL),
(293, 'Road head.', NULL),
(255, 'Poorly-timed Holocaust jokes.', NULL),
(323, '8 oz. of sweet Mexican black-tar heroin.', NULL),
(355, 'Judge Judy.', NULL),
(259, 'Altar boys.', NULL),
(358, 'Scientology.', NULL),
(329, 'Justin Bieber.', NULL),
(327, 'Alcoholism.', NULL),
(351, 'My genitals.', NULL),
(332, 'Winking at old people.', NULL),
(385, 'Golden showers.', NULL),
(365, 'Racism.', NULL),
(336, 'Auschwitz.', NULL),
(262, 'Raping and pillaging.', NULL),
(334, 'Kids with ass cancer.', NULL),
(274, 'Hurricane Katrina.', NULL),
(356, 'Lumberjack fantasies.', NULL),
(381, 'American Gladiators.', NULL),
(295, 'An asymmetric boob job.', NULL),
(326, 'Asians who aren''t good at math.', NULL),
(335, 'Loose lips.', NULL),
(270, 'The Blood of Christ.', NULL),
(317, 'A brain tumor.', NULL),
(315, 'Prancing.', NULL),
(375, 'The Hamburglar.', NULL),
(360, 'Police brutality.', NULL),
(260, 'Forgetting the Alamo.', NULL),
(369, 'Booby-trapping the house to foil burglars.', NULL),
(359, 'Estrogen.', NULL),
(390, 'A robust mongoloid.', NULL),
(309, 'Her Royal Highness, Queen Elizabeth II.', NULL),
(193, 'Pooping back and forth. Forever.', NULL),
(320, 'Cockfights.', NULL),
(305, 'Bitches.', NULL),
(300, 'Stephen Hawking talking dirty.', NULL),
(403, 'Those times when you get sand in your vagina.', NULL),
(424, 'Faith healing.', NULL),
(428, 'Impotence.', NULL),
(454, 'Bananas in Pajamas.', NULL),
(399, 'Getting so angry that you pop a boner.', NULL),
(414, 'Tasteful sideboob.', NULL),
(396, 'Two midgets shitting into a bucket.', NULL),
(406, 'Racially-biased SAT questions.', NULL),
(449, 'Glenn Beck catching his scrotum on a curtain hook.', NULL),
(398, 'The forbidden fruit.', NULL),
(459, 'Anal beads.', NULL),
(367, 'Surprise sex!', NULL),
(426, 'Dead babies.', NULL),
(129, 'Masturbation.', NULL),
(452, 'The Hustle.', NULL),
(3685, 'Apples to Apples®.', 'RS'),
(409, 'Obesity.', NULL),
(429, 'Child beauty pageants.', NULL),
(422, 'Goats eating coins.', NULL),
(457, 'Kamikaze pilots.', NULL),
(443, 'Powerful thighs.', NULL),
(450, 'A big hoopla about nothing.', NULL),
(433, 'Women''s suffrage.', NULL),
(442, 'John Wilkes Booth.', NULL),
(425, 'Parting the Red Sea.', NULL),
(435, 'Harry Potter erotica.', NULL),
(416, 'Grandma.', NULL),
(407, 'Porn stars.', NULL),
(423, 'A monkey smoking a cigar.', NULL),
(439, 'Mathletes.', NULL),
(437, 'Lance Armstrong''s missing testicle.', NULL),
(434, 'Children on leashes.', NULL),
(445, 'Multiple stab wounds.', NULL),
(411, 'Oompa-Loompas.', NULL),
(451, 'Peeing a little bit.', NULL),
(421, 'The miracle of childbirth.', NULL),
(448, 'Another goddamn vampire movie.', NULL),
(3686, 'The tears of a college student.', 'RS'),
(455, 'Active listening.', NULL),
(402, 'A gassy antelope.', NULL),
(412, 'BATMAN!!!', NULL),
(413, 'Black people.', NULL),
(447, 'Serfdom.', NULL),
(418, 'The Trail of Tears.', NULL),
(453, 'Ghosts.', NULL),
(436, 'The Dance of the Sugar Plum Fairy.', NULL),
(420, 'Finger painting.', NULL),
(249, 'Robert Downey, Jr.', NULL),
(405, 'Muhammed (Praise Be Unto Him).', NULL),
(419, 'Famine.', NULL),
(431, 'AXE Body Spray.', NULL),
(458, 'The Force.', NULL),
(446, 'Cybernetic enhancements.', NULL),
(444, 'Mr. Clean, right behind you.', NULL),
(401, 'Third base.', NULL),
(438, 'Dwarf tossing.', NULL),
(408, 'A fetus.', NULL),
(441, 'Women in yogurt commercials.', NULL),
(417, 'Copping a feel.', NULL),
(400, 'Sexual tension.', NULL),
(456, 'Dry heaving.', NULL),
(430, 'Centaurs.', NULL),
(397, 'Wifely duties.', NULL),
(415, 'Hot people.', NULL),
(432, 'Kanye West.', NULL),
(427, 'The Amish.', NULL),
(410, 'When you fart and a little bit comes out.', NULL),
(1084, 'Bosnian chicken farmers.', 'X1'),
(1085, 'Nubile slave boys.', 'X1'),
(1086, 'Carnies.', 'X1'),
(1087, 'Coughing into a vagina.', 'X1'),
(1088, 'Suicidal thoughts.', 'X1'),
(1089, 'Dancing with a broom.', 'X1'),
(1090, 'Deflowering the princess.', 'X1'),
(1091, 'Dorito breath.', 'X1'),
(1092, 'Eating an albino.', 'X1'),
(1093, 'Enormous Scandinavian women.', 'X1'),
(1094, 'Fabricating statistics.', 'X1'),
(1095, 'Finding a skeleton.', 'X1'),
(1096, 'Gandalf.', 'X1'),
(1097, 'Genetically engineered super-soldiers.', 'X1'),
(1098, 'George Clooney''s musk.', 'X1'),
(1099, 'Getting abducted by Peter Pan.', 'X1'),
(1100, 'Getting in her pants, politely.', 'X1'),
(1101, 'Gladiatorial combat.', 'X1'),
(1102, 'Good grammar.', 'X1'),
(1103, 'Hipsters.', 'X1'),
(1104, 'Historical revisionism.', 'X1'),
(1105, 'Insatiable bloodlust.', 'X1'),
(1106, 'Jafar.', 'X1'),
(1107, 'Jean-Claude Van Damme.', 'X1'),
(1108, 'Just the tip.', 'X1'),
(1109, 'Mad hacky-sack skills.', 'X1'),
(1224, 'Beefin'' over turf.', 'X2'),
(1225, 'A squadron of moles wearing aviator goggles.', 'X2'),
(1258, 'A cutie mark.', 'MLP'),
(1259, 'A daisy sandwich.', 'MLP'),
(1261, 'A decorative toaster cozy.', 'MLP'),
(1263, 'A giant horse cock.', 'MLP'),
(1266, 'A hoof in the ass.', 'MLP'),
(1269, 'A horny stallion.', 'MLP'),
(1271, 'A human fetish.', 'MLP'),
(1272, 'A juice box fetish.', 'MLP'),
(1274, 'A juice box.', 'MLP'),
(1276, 'A mare in heat.', 'MLP'),
(1278, 'A racially pure Cloudsdale.', 'MLP'),
(1280, 'A sexy saddle.', 'MLP'),
(1282, 'A sock fetish.', 'MLP'),
(1284, 'A Sonic Raingasm.', 'MLP'),
(1286, 'A tactical sonic rainnuke.', 'MLP'),
(1288, 'A tree.', 'MLP'),
(1290, 'Actually cumming inside Rainbow Dash.', 'MLP'),
(1293, 'An epic pony war in the distant future.', 'MLP'),
(1294, 'An extremely horny Granny Smith.', 'MLP'),
(1296, 'Another doughnut! With extra sprinkles!', 'MLP'),
(1298, 'Applebucking.', 'MLP'),
(1299, 'Applejack.', 'MLP'),
(1300, 'Avasting Fluttershy''s Ass.', 'MLP'),
(1302, 'Baked Bads.', 'MLP'),
(1304, 'Banned From Equestria (Daily).', 'MLP'),
(1307, 'Being trapped on the Moon for 1000 years.', 'MLP'),
(1308, 'Best Pony.', 'MLP'),
(1310, 'Big Macintosh.', 'MLP'),
(1312, 'BonBon.', 'MLP'),
(1314, 'Books.', 'MLP'),
(1316, 'Celestia''s Hoof.', 'MLP'),
(1318, 'Celestia''s massive harem of foals.', 'MLP'),
(1320, 'Cider.', 'MLP'),
(1322, 'Clopfics.', 'MLP'),
(1324, 'Clopping.', 'MLP'),
(1326, 'Crippled foals.', 'MLP'),
(1328, 'Cupcakes.', 'MLP'),
(1331, 'Da Magicks.', 'MLP'),
(1332, 'Daring Do fanfiction.', 'MLP'),
(1333, 'Dark Magicks.', 'MLP'),
(1334, 'Derpy Hooves.', 'MLP'),
(1335, 'Diamond Dog roleplay.', 'MLP'),
(1336, 'Discord.', 'MLP'),
(1337, 'Equestria.', 'MLP'),
(1338, 'Facehoofing.', 'MLP'),
(1339, 'Fillidelphia.', 'MLP'),
(1340, 'Filly fiddling.', 'MLP'),
(1341, 'Fluffy Pony.', 'MLP'),
(1342, 'Fluttershy.', 'MLP'),
(1343, 'Fluttershy''s secret stash.', 'MLP'),
(1344, 'Fluttershy''s Shed.', 'MLP'),
(1346, 'Fluttertree.', 'MLP'),
(1348, 'Foal abuse.', 'MLP'),
(1349, 'Foodmanes.', 'MLP'),
(1351, 'Friendship.', 'MLP'),
(1357, 'Futaloo.', 'MLP'),
(1358, 'Gabby Gums.', 'MLP'),
(1360, 'Gently stroking the horn.', 'MLP'),
(1362, 'Getting 20% cooler!', 'MLP'),
(1364, 'Gypsies.', 'MLP'),
(1367, 'Having hot pony sex with Bloomberg.', 'MLP'),
(1368, 'Horn Necrosis.', 'MLP'),
(1379, 'Hugging a pony non-sexually.', 'MLP'),
(1380, 'Jappleack.', 'MLP'),
(1381, 'Joe''s Donut Hole.', 'MLP'),
(1382, 'John Joseco.', 'MLP'),
(1383, 'Lesbians.', 'MLP'),
(1384, 'Zecora''s meth lab.', 'MLP'),
(1385, 'Lyra Heartstrings.', 'MLP'),
(1386, 'Worst pony.', 'MLP'),
(1387, 'Magic.', 'MLP'),
(1388, 'Wolfieshy.', 'MLP'),
(1389, 'Winter Wrap Up.', 'MLP'),
(1390, 'Making Magic.', 'MLP'),
(1391, 'Wincest.', 'MLP'),
(1392, 'Whipping the Earth Pony slaves.', 'MLP'),
(1393, 'Vinyl Scratch / DJ Pon-3.', 'MLP'),
(1394, 'Unicorn Privilege.', 'MLP'),
(1395, 'Man Spike.', 'MLP'),
(1396, 'Two fillies shitting into a bucket.', 'MLP'),
(1397, 'Manehatten.', 'MLP'),
(1398, 'Twist.', 'MLP'),
(1399, 'Mare Supremacy.', 'MLP'),
(1400, 'Twilight''s secret clop stash.', 'MLP'),
(1401, 'Molestia''s sex dungeon.', 'MLP'),
(1402, 'Twilight Sparkle.', 'MLP'),
(1403, 'THE ROYAL CANTERLOT VOICE.', 'MLP'),
(1404, 'My OC.', 'MLP'),
(1405, 'The Rainbow Factory.', 'MLP'),
(1406, 'Nightmare Moon.', 'MLP'),
(1407, 'The Pegasus Master Race.', 'MLP'),
(1408, 'Octavia.', 'MLP'),
(1409, 'The Moon.', 'MLP'),
(1410, 'Orphaned foals.', 'MLP'),
(1411, 'Pants.', 'MLP'),
(1412, 'The Great and Powerful Trixie Lulamoon.', 'MLP'),
(1413, 'The Grand Galloping Gala.', 'MLP'),
(1414, 'Pegasus wing deformities.', 'MLP'),
(1415, 'The Friendship Express.', 'MLP'),
(1416, 'Pinkamena Diane Pie.', 'MLP'),
(1417, 'The Chocolate Mousse Moose.', 'MLP'),
(1418, 'The Cakes.', 'MLP'),
(1419, 'Pinkamena''s hacksaw.', 'MLP'),
(1420, 'That squee noise.', 'MLP'),
(1421, 'That Lyra plushie.', 'MLP'),
(1422, 'Sweetie Bot.', 'MLP'),
(1423, 'Sweetie Belle''s virgin marshmallow pussy.', 'MLP'),
(1424, 'Sweetie Belle.', 'MLP'),
(1425, 'Pinkie Pie in full latex.', 'MLP'),
(1426, 'Surprise.', 'MLP'),
(1427, 'Stretching those glutes.', 'MLP'),
(1428, 'Pinkie Pie.', 'MLP'),
(1429, 'Steven Magnets.', 'MLP'),
(1430, 'Plot.', 'MLP'),
(1431, 'Spike''s understanding of biology.', 'MLP'),
(1432, 'Speaking Fancy.', 'MLP'),
(1433, 'Poison Joke.', 'MLP'),
(1434, 'Socks.', 'MLP'),
(1435, 'Ponies wearing clothes.', 'MLP'),
(1436, 'Sloppy clop.', 'MLP'),
(1437, 'Shipping.', 'MLP'),
(1438, 'Ponies with fucking lasers on their heads.', 'MLP'),
(1439, 'Shaking Dat Plot.', 'MLP'),
(1440, 'Secretly being a changeling all along.', 'MLP'),
(1441, 'Ponies.', 'MLP'),
(1442, 'Scootabuse.', 'MLP'),
(1443, 'Pony racism.', 'MLP'),
(1444, 'Scoot, Scoot-A-Loo.', 'MLP'),
(1445, 'Pony-Griffon marriage.', 'MLP'),
(1446, 'Rarity.', 'MLP'),
(1447, 'Rainbow Dash.', 'MLP'),
(1448, 'Rainbow Crash.', 'MLP'),
(1449, 'Ponychan.', 'MLP'),
(1450, 'Raging wingboners.', 'MLP'),
(1451, 'Queen Chrysalis.', 'MLP'),
(1452, 'Princess Molestia.', 'MLP'),
(1453, 'Princess Celestia.', 'MLP'),
(1454, 'Princess Mi Amore Cadenza.', 'MLP'),
(1455, 'Princess Luna.', 'MLP'),
(1464, 'Santa''s heavy sack.', '?'),
(1465, 'Clearing a bloody path through Walmart with a scimitar.', '?'),
(1466, 'Another shitty year.', '?'),
(1467, 'Whatever Kwanzaa is supposed to be about.', '?'),
(1468, 'A Christmas stocking full of coleslaw.', '?'),
(1469, 'Elf cum.', '?'),
(1470, 'The tiny, calloused hands of the Chinese children that made this card.', '?'),
(1471, 'Taking down Santa with a surface-to-air missle.', '?'),
(1473, 'Socks. ', '?'),
(1474, 'Pretending to be happy.', '?'),
(1475, 'Krampus, the Austrian Christmas monster.', '?'),
(1476, 'The Star Wars Holiday Special.', '?'),
(11, 'Viagra®.', NULL),
(1478, 'Mall Santa.', '?'),
(1479, 'Several intertwining love stories featuring Hugh Grant.', '?'),
(1481, 'Gift-wrapping a live hamster.', '?'),
(1482, 'Space Jam on VHS.', '?'),
(1483, 'Immaculate conception.', '?'),
(1484, 'Fucking up "Silent Night" in front of 300 parents.', '?'),
(1485, 'A visually arresting turtleneck.', '?'),
(1486, 'A toxic family environment.', '?'),
(1487, 'Eating an entire snowman.', '?'),
(3687, 'Mr. Hankey the Christmas Poo.', 'RS'),
(509, 'Show me your tits!', 'VS'),
(510, 'Thanking your sex slaves.', 'VS'),
(511, 'Dickcheese.', 'VS'),
(512, 'Googly eyes on a cock.', 'VS'),
(513, 'Typing with your genitals.', 'VS'),
(514, 'Pirate hookers.', 'VS'),
(515, 'Poopcake.', 'VS'),
(516, 'Mandatory Sex Party.', 'VS'),
(517, 'A WHOLE GALLON.', 'VS'),
(518, 'Games you can play with bricks.', 'VS'),
(519, 'Lewhora.', 'VS'),
(520, 'Fancy tampons.', 'VS'),
(521, 'Very Serious Island.', 'VS'),
(522, 'COLLIN.', 'VS'),
(523, 'Ferngully.', 'VS'),
(524, 'Velociraptor.', 'VS'),
(525, 'Thundercunting.', 'VS'),
(526, 'Werewolf.', 'VS'),
(527, 'Cultist.', 'VS'),
(528, 'Vejazzled vagina.', 'VS'),
(529, 'HODOR.', 'VS'),
(530, 'Simple dog.', 'VS'),
(531, 'Butt oranges.', 'VS'),
(532, 'Sweater kittens.', 'VS'),
(533, 'Baby batter.', 'VS'),
(534, 'Meat curtains.', 'VS'),
(535, 'Strawberry Shortcake sexing up a Carebear and giving birth to NyanCat.', 'VS'),
(536, 'Blowjob Jesus.', 'VS'),
(537, 'GOATS.', 'VS'),
(538, 'Welcome Taco.', 'VS'),
(539, 'Boobs.', 'VS'),
(540, 'Moobs.', 'VS'),
(541, 'Tinychat.', 'VS'),
(542, 'Centaur Therapist Jesus.', 'VS'),
(543, 'LOUD NOISES.', 'VS'),
(544, 'THE GODDAMN BATMAN.', 'VS'),
(545, 'Swinging an axe in the air while cornholing a bear.', 'VS'),
(546, 'WIIINES.', 'VS'),
(547, 'A Wende head tilt.', 'VS'),
(548, 'Chris Gaines.', 'VS'),
(549, 'Fuck you, I''m a bear.', 'VS'),
(550, 'Doctor Who.', 'VS'),
(551, 'EXTERMINATE.', 'VS'),
(552, 'Landshark.', 'VS'),
(553, 'Bearshark.', 'VS'),
(554, 'SCIENCE!!1!', 'VS'),
(555, 'The Great Dildo, Thor.', 'VS'),
(556, 'Just the tip!', 'VS'),
(557, 'Daddy foam.', 'VS'),
(558, 'PooooooP!', 'VS'),
(560, 'Buttpirate Pokemon.', 'VS'),
(561, 'A really good booby weight.', 'VS'),
(562, 'Tubemonster.', 'VS'),
(563, 'Bevis.', 'VS'),
(564, 'Trouser snakes.', 'VS'),
(565, 'A WHOLE GALLON OF BOOBS.', 'VS'),
(566, 'Barfstab.', 'VS'),
(567, 'LYNCH LUPUS.', 'VS'),
(568, 'Drinking on live TV.', 'VS'),
(569, 'Shooting heroin into my eyeballs.', 'VS'),
(570, 'Skittering ovaries.', 'VS'),
(571, 'Ricardo.', 'VS'),
(572, 'The Power of Greyskull.', 'VS'),
(573, 'The revolution.', 'VS'),
(574, 'The establishment.', 'VS'),
(575, 'Queer Lesbian Jesus.', 'VS'),
(576, 'Hello Kitty.', 'VS'),
(577, 'Readying my torch for burnination.', 'VS'),
(578, 'Tots.', 'VS'),
(579, 'Getting drunk before noon.', 'VS'),
(580, 'In a sneaky hate spiral.', 'VS'),
(581, 'Clown strippers.', 'VS'),
(582, 'KERMIT FLAIL.', 'VS'),
(583, 'Certified Breast Maintenance Engineer.', 'VS'),
(584, 'A test tube baby.', 'VS'),
(585, 'Dancing naked.', 'VS'),
(586, 'Moist and Juicy.', 'VS'),
(587, 'Orgy.', 'VS'),
(588, 'Premature ejaculation.', 'VS'),
(589, 'Bounty, the Quicker Picker Upper.', 'VS'),
(590, 'Lotion.', 'VS'),
(591, 'Rapey dolphin.', 'VS'),
(592, 'Werepoo.', 'VS'),
(593, 'Handbra.', 'VS'),
(594, 'A moose giving birth in Maggly''s yard.', 'VS'),
(595, 'More bandaids.', 'VS'),
(596, 'Fuckweasel.', 'VS'),
(597, 'Curious hands.', 'VS'),
(598, 'Spagbag.', 'VS'),
(599, 'Tears of manly pain.', 'VS'),
(130, 'Twinkies®.', NULL),
(600, 'Cthulu.', 'VS'),
(601, 'Surprise penis.', 'VS'),
(602, 'SEX.', 'VS'),
(603, 'Mr. Tinycheeks.', 'VS'),
(604, 'A spoon that is too big.', 'VS'),
(605, 'Bleeding Anuses.', 'VS'),
(606, 'Not being pregnant.', 'VS'),
(607, 'An Olive Ewe.', 'VS'),
(608, 'Hookers and blow.', 'VS'),
(609, 'Dropbears.', 'VS'),
(610, 'Standing next to short people to use them as armrests.', 'VS'),
(611, 'Making a random guess in Werewolf that gets you killed later.', 'VS'),
(612, 'INTERNET FOREVER!', 'VS'),
(613, 'The jitters you get before a meetup.', 'VS'),
(614, 'Shenaniganty.', 'VS'),
(615, 'I AM HOW BABIES ARE MADE.', 'VS'),
(616, 'Noble whore.', 'VS'),
(617, 'Kangaroo stripper.', 'VS'),
(618, 'Droopums.', 'VS'),
(619, 'Nonni''s mantis.', 'VS'),
(620, 'Ginger baby.', 'VS'),
(621, 'Drunk foruming.', 'VS'),
(1477, 'My hot cousin.', '?'),
(100008, 'The sound a single ThunderStix® makes.', 'SG'),
(100009, 'The Chilled Knife.', 'SG'),
(145, 'Five-Dollar Footlongs™.', NULL),
(100011, 'Dr. Phil.', 'SG'),
(100012, 'Paul and Storm.', 'SG'),
(100013, 'Jonathan Coulton.', 'SG'),
(100014, 'MC Frontalot.', 'SG'),
(100015, 'Pretending you''re Xyzzy.', 'SG'),
(100018, 'Cleveland (it''s not Detroit!).', 'SG'),
(100019, 'An immediately regrettable $9 hot dog from the Boston Convention Center.', 'PAX A'),
(100020, 'Running out of stamina.', 'PAX A'),
(100021, 'Casting Magic Missile at a bully.', 'PAX A'),
(100022, 'Getting bitch slapped by Dhalsim.', 'PAX A'),
(100023, 'Firefly: Season 2.', 'PAX A'),
(100024, 'Rotating shapes in mid-air so that they fit into other shapes when they fall.', 'PAX A'),
(100025, 'Jiggle physics.', 'PAX A'),
(100026, 'Paying the iron price.', 'PAX A'),
(100029, 'Loading from a previous save.', 'PAX B'),
(100030, 'Sharpening a foam broadsword on a foam whetstone.', 'PAX B'),
(100031, 'The rocket launcher.', 'PAX B'),
(100032, 'The depression that ensues after catching ''em all.', 'PAX B'),
(100033, 'Violating the First Law of Robotics.', 'PAX B'),
(100034, 'Getting inside the Horadric Cube with a hot babe and pressing the transmute button.', 'PAX B'),
(100035, 'Punching a tree to gather wood.', 'PAX B'),
(100036, 'Spending the year''s insulin budget on Warhammer 40k figurines.', 'PAX B'),
(100039, 'Achieving 500 actions per minute.', 'PAX C'),
(100040, 'Forgetting to eat, and consequently dying.', 'PAX C'),
(100041, 'Wil Wheaton crashing an actual spaceship.', 'PAX C'),
(100042, 'The Klobb.', 'PAX C'),
(100043, 'Charging up all the way.', 'PAX C'),
(100044, 'Vespene gas.', 'PAX C'),
(100045, 'Judging elves by the color of their skin and not by the content of their character.', 'PAX C'),
(100046, 'Smashing all the pottery in a Pottery Barn in search of rupees.', 'PAX C'),
(100052, 'The best card in my hand.', 'SG'),
(100053, 'The primal, ball-slapping sex your parents are having right now.', 'X3'),
(100055, 'A cat video so cute that your eyes roll back and your spine slides out of your anus.', 'X3'),
(100056, 'Cock.', 'X3'),
(100057, 'The biggest, blackest dick.', 'SG'),
(100060, 'A cop who is also a dog.', 'X3'),
(100061, 'Dying alone and in pain.', 'X3'),
(100062, 'Gay aliens.', 'X3'),
(100063, 'The way white people is.', 'X3'),
(100064, 'Reverse cowgirl.', 'X3'),
(100067, 'The Quesadilla Explosion Salad™ from Chili''s®.', 'X3'),
(100068, 'Actually getting shot, for real.', 'X3'),
(100069, 'Not having sex.', 'X3'),
(100071, 'Vietnam flashbacks.', 'X3'),
(100072, 'Running naked through a mall, pissing and shitting everywhere.', 'X3'),
(100073, 'Nothing.', 'X3'),
(100075, 'Warm, velvety muppet sex.', 'X3'),
(100076, 'Self-flagellation.', 'X3'),
(100077, 'The systematic destruction of an entire people and their way of life.', 'X3'),
(100079, 'Samuel L. Jackson.', 'X3'),
(100080, 'A boo-boo.', 'X3'),
(100081, 'Going around punching people.', 'X3'),
(100082, 'The entire Internet.', 'X3'),
(100083, 'Some kind of bird-man.', 'X3'),
(100084, 'Chugging a lava lamp.', 'X3'),
(100086, 'Having sex on top of a pizza.', 'X3'),
(100087, 'Indescribable loneliness.', 'X3'),
(100088, 'An ass disaster.', 'X3'),
(100090, 'Shutting the fuck up.', 'X3'),
(100091, 'All my friends dying.', 'X3'),
(100099, 'Putting an entire peanut butter and jelly sandwich into the VCR.', 'X3'),
(100101, 'Spending lots of money.', 'X3'),
(100102, 'Some douche with an acoustic guitar.', 'X3'),
(100107, 'Flying robots that kill people.', 'X3'),
(100109, 'A greased-up Matthew McConaughey.', 'X3'),
(100111, 'An unstoppable wave of fire ants.', 'X3'),
(100112, 'Not contributing to society in any meaningful way.', 'X3'),
(100114, 'An all-midget production of Shakespeare''s <i>Richard III</i>.', 'X3'),
(100115, 'Screaming like a maniac.', 'X3'),
(100116, 'The moist, demanding chasm of his mouth.', 'X3'),
(100117, 'Filling every orifice with butterscotch pudding.', 'X3'),
(100118, 'Unlimited soup, salad, and breadsticks.', 'X3'),
(100119, 'Crying into the pages of Sylvia Plath.', 'X3'),
(100121, 'A PowerPoint presentation.', 'X3'),
(100122, 'A surprising amount of hair.', 'X3'),
(100123, 'Eating Tom Selleck''s mustache to gain his powers.', 'X3'),
(100124, 'Roland the Farter, flatulist to the king.', 'X3'),
(100125, 'That ass.', 'X3'),
(100126, 'A pile of squirming bodies.', 'X3'),
(100127, 'Buying the right pants to be cool.', 'X3'),
(100128, 'Blood farts.', 'X3'),
(100129, 'Three months in the hole.', 'X3'),
(100130, 'A botched circumcision.', 'X3'),
(100131, 'The Land of Chocolate.', 'X3'),
(100132, 'Slapping a racist old lady.', 'X3'),
(100133, 'A lamprey swimming up the toilet and latching onto your taint.', 'X3'),
(100134, 'Jumping out at people.', 'X3'),
(100135, 'A black male in his early 20s, last seen wearing a hoodie.', 'X3'),
(100136, 'Mufasa''s death scene.', 'X3'),
(100137, 'Bill Clinton, naked on a bearskin rug with a saxophone.', 'X3'),
(100138, 'Demonic possession.', 'X3'),
(100139, 'The Harlem Globetrotters.', 'X3'),
(100140, 'Vomiting mid-blowjob.', 'X3'),
(100141, 'My manservant, Claude.', 'X3'),
(100142, 'Having shotguns for legs.', 'X3'),
(100143, 'Letting everyone down.', 'X3'),
(100144, 'A spontaneous conga line.', 'X3'),
(100145, 'A vagina that leads to another dimension.', 'X3'),
(100146, 'Disco fever.', 'X3'),
(100147, 'Getting your dick stuck in a Chinese finger trap with another dick.', 'X3'),
(100148, 'Fisting.', 'X3'),
(100149, 'The thin veneer of situational causality that underlies porn.', 'X3'),
(100150, 'Girls that always be textin''.', 'X3'),
(100151, 'Blowing some dudes in an alley.', 'X3'),
(3688, 'The Columbine Shooting.', 'RS'),
(100153, 'Sneezing, farting, and coming at the same time.', 'X3'),
(167, 'The Tempur-Pedic® Swedish Sleep System™.', NULL),
(192, 'Fancy Feast®.', NULL),
(229, 'Hot Pockets®.', NULL),
(247, 'A neglected Tamagotchi™.', NULL),
(267, 'Domino''s™ Oreo™ Dessert Pizza.', NULL),
(284, 'The Übermensch.', NULL),
(311, 'Adderall™.', NULL),
(350, 'Sobbing into a Hungry-Man® Frozen Dinner.', NULL),
(353, 'Ring Pops™.', NULL),
(354, 'GoGurt®.', NULL),
(404, 'A Super Soaker™ full of cat pee.', NULL),
(440, 'Lunchables™.', NULL),
(460, 'The Make-A-Wish® Foundation.', NULL),
(472, 'A Bop It™.', '1.2'),
(482, 'Home video of Oprah sobbing into a Lean Cuisine®.', '1.2'),
(486, 'Euphoria™ by Calvin Klein.', '1.2'),
(487, 'Switching to Geico®.', '1.2'),
(507, 'The Donald Trump Seal of Approval™.', '1.2'),
(1114, 'Medieval Times® Dinner & Tournament.', 'X1'),
(1136, 'The Fanta® girls.', 'X1'),
(1182, 'The mere concept of Applebee''s®.', 'X2'),
(1187, 'A piñata full of scorpions.', 'X2'),
(1228, 'Pretty Pretty Princess Dress-Up Board Game®.', 'X2'),
(1480, 'A Hungry-Man™ Frozen Christmas Dinner for One.', '?'),
(3689, 'Shag carpeting.', 'RS'),
(100156, 'Suddenly realizing you''re retarded.', 'SG'),
(3001, 'Steven Docking.', 'NL'),
(3002, '/r/Letsplay.', 'NL'),
(3003, '/r/sloths.', 'NL'),
(3004, '#Krazymike.', 'NL'),
(3005, 'A Bane impression.', 'NL'),
(3006, 'A big wet pink laser sword.', 'NL'),
(3007, 'A brief moment of aptitude.', 'NL'),
(3008, 'A bunch of jabronies.', 'NL'),
(3009, 'A butt egg.', 'NL'),
(3011, 'A delicious baby.', 'NL'),
(3012, 'A docking sleeve.', 'NL'),
(3013, 'A little bit of added defense.', 'NL'),
(3014, 'A street cleaning simulator.', 'NL'),
(3015, 'An old man carrying a box of glass down stairs.', 'NL'),
(3016, 'Anything from http://www.thenorthernlionstory.com/.', 'NL'),
(3017, 'Beating it on camera.', 'NL'),
(3018, 'Being terrible at games.', 'NL'),
(3019, 'Bejeweed.', 'NL'),
(3020, 'Big Hat Logan.', 'NL'),
(3021, 'Blondes, brunettes, and redheads.', 'NL'),
(3022, 'Blue Baby.', 'NL'),
(3023, 'BOOYAH!', 'NL'),
(3024, 'Bow to your sensei!', 'NL'),
(3025, 'Brimstone.', 'NL'),
(3026, 'Butt meat.', 'NL'),
(3027, 'Checking the wiki.', 'NL'),
(3028, 'Cheeseysaurus Rex.', 'NL'),
(3029, 'Classic Northernlion.', 'NL'),
(3030, 'Coming on Milhouse.', 'NL'),
(3031, 'Corner fucking.', 'NL'),
(3032, 'Crazy Mike.', 'NL'),
(3033, 'Cross-dimensional fucking.', 'NL'),
(3034, 'Dark holes.', 'NL'),
(3035, 'Detroit Dock City.', 'NL'),
(3036, 'Docking.', 'NL'),
(3037, 'DockLeeSmile.', 'NL'),
(3038, 'Dung pies.', 'NL'),
(3039, 'Dying in a hang gliding accident. ', 'NL'),
(3040, 'Excuse me?', 'NL'),
(3041, 'Eyeless ooze guys.', 'NL'),
(3042, 'Falling down the stairs with a bag full of glass.', 'NL'),
(3043, 'Fat Robert Downey Jr.', 'NL'),
(3044, 'Feline eugenics.', 'NL'),
(3045, 'Fuck tables.', 'NL'),
(3046, 'Fucking during a Diphtheria epidemic.', 'NL'),
(3047, 'Garglebutts.', 'NL'),
(3048, 'Getting corner fucked.', 'NL'),
(3049, 'Getting wood.', 'NL'),
(3050, 'Greed.', 'NL'),
(3051, 'Harry Potter and the Chamber of a Salty Surprise.', 'NL'),
(3052, 'Hookers, blow, and JSmithOTI.', 'NL'),
(3053, 'Infomercials.', 'NL'),
(3054, 'John Madden.', 'NL'),
(3055, 'JSmithOTI.', 'NL'),
(3056, 'Kate''s Mario Party skills.', 'NL'),
(3057, 'Krazy Mike doing a backflip, throwing a talking nut, and chanting "Hello!"', 'NL'),
(3058, 'Krazy Mike.', 'NL'),
(3059, 'Laura Croft.', 'NL'),
(3060, 'Like you, but not rogue-like you.', 'NL'),
(3061, 'Losing to Monstro after 300 hours of experience.', 'NL'),
(3062, 'The backroom casting couch.', 'NL'),
(3063, 'The fuck zone.', 'NL'),
(3064, 'Losing to Quelaag 12 times in 72 minutes.', 'NL'),
(3065, 'Maple syrup.', 'NL'),
(3066, 'Michael Caine''s spider collection.', 'NL'),
(3067, 'Michaelalfox.', 'NL'),
(3068, 'Michaelalfox''s love of cheese.', 'NL'),
(3069, 'Michaelalfox''s muscles.', 'NL'),
(3070, 'A mile-long penis.', 'NL'),
(3071, 'Milking the poop for red hearts.', 'NL'),
(3072, 'Mom''s knife.', 'NL'),
(3073, 'Mom''s pad.', 'NL'),
(3074, 'Monty.', 'NL'),
(3075, 'A motherfucker.', 'NL'),
(3076, 'Motherfucking.', 'NL'),
(3077, 'Nipple hair.', 'NL'),
(3078, 'Northernlion.', 'NL'),
(100152, 'Drinking ten 5-hour ENERGYs® to get fifty continuous hours of energy.', 'X3'),
(3079, 'Northernlion''s cancelled Assassin''s Creed II let''s play.', 'NL'),
(3080, 'Northernlion''s coffee maker.', 'NL'),
(3081, 'Northernlion''s hair.', 'NL'),
(3082, 'Northernlion''s pooping album.', 'NL'),
(3083, 'Not Satan, I promise.', 'NL'),
(3084, 'Novelty Twitter accounts.', 'NL'),
(3085, 'Olmec.', 'NL'),
(3086, 'Permanent Polaroid invincibility.', 'NL'),
(3087, 'Poison Mushroom.', 'NL'),
(3088, 'Poutine-induced diabetes.', 'NL'),
(3089, 'Pretending youtube let''s playing is a real job.', 'NL'),
(3090, 'Projectile annoyance.', 'NL'),
(3091, 'Putting your balls in her butt.', 'NL'),
(3092, 'Puzzle platformers with rogue-like elements.', 'NL'),
(3093, 'Quelaag''s Furysword.', 'NL'),
(3094, 'Reddit.', 'NL'),
(3095, 'Residue.', 'NL'),
(3096, 'RockLeeSmile.', 'NL'),
(3097, 'Rogue-like likes.', 'NL'),
(3098, 'Roll Fizzlebeef.', 'NL'),
(3099, 'Ronald McDonald.', 'NL'),
(3100, 'Sex.', 'NL'),
(3101, 'Shit happens.', 'NL'),
(3102, 'Shooting the poop.', 'NL'),
(3103, 'Solaire of Astora.', 'NL'),
(3104, 'South Korea.', 'NL'),
(3105, 'Stream lag.', 'NL'),
(3106, 'Stupid damage.', 'NL'),
(3107, 'A tactical backflip.', 'NL'),
(3108, 'The Northernlion Story.', 'NL'),
(3109, 'Whispering sweet nothings into your rear.', 'NL'),
(3110, 'The notorious Grey''s Anatomy let''s play.', 'NL'),
(3111, 'The Binding of Isaac wiki.', 'NL'),
(3112, 'Thornforg.', 'NL'),
(3113, 'When you fuck a dog in the ass and it shits all over your dick.', 'NL'),
(3114, 'The USS Buttfucker.', 'NL'),
(3115, 'Vaginal silk worms.', 'NL'),
(3116, 'The Anor Londo Archers.', 'NL'),
(3117, 'YouTube.', 'NL'),
(3118, 'The saga of Krazy Mike.', 'NL'),
(3119, 'A urination break.', 'NL'),
(3120, 'The World Docking Champion.', 'NL'),
(3121, 'Type-C Tetris music.', 'NL'),
(3122, 'The Thug of Porn.', 'NL'),
(3123, 'That damned HDPVR.', 'NL'),
(3124, 'The NLSS: drawing unwanted attention from the actual docking community.', 'NL'),
(3125, 'Patrick Dempsey thrusting violently into my midsection.', 'NL'),
(3126, 'Well, what is it?', 'NL'),
(3127, 'The Four Horsemen of The Apocolypse.', 'NL'),
(3128, 'Talking nuts.', 'NL'),
(3129, 'The Ozymandias head.', 'NL'),
(3130, 'A total scumbag.', 'NL'),
(3131, 'Striking fear into the hearts of your enemies.', 'NL'),
(100158, 'Using the tears of an abused toddler to conquer my foes.', 'NL'),
(3690, 'The Eiffel Tower.', 'RS'),
(3691, 'Chicken and Waffles.', 'RS'),
(3692, 'The Oculus Rift.', 'RS'),
(3693, 'Banana Hammocks.', 'RS'),
(3694, 'Dirty hippies.', 'RS'),
(3695, 'Hey Arnold!', 'RS'),
(3696, 'Air Bud.', 'RS'),
(3697, 'Yankee Stadium.', 'RS'),
(3698, 'Hump Day.', 'RS'),
(3699, 'Sheepskin Condoms.', 'RS'),
(3700, 'Cranky Kong.', 'RS'),
(3701, 'The DK Rap.', 'RS'),
(3702, 'Donkey Shows.', 'RS'),
(3703, 'Hordes of zombies.', 'RS'),
(3704, 'Monkeys throwing shit.', 'RS'),
(3705, 'Rainbows and magic.', 'RS'),
(3706, 'Tits.', 'RS'),
(3707, 'The brown note.', 'RS'),
(3708, 'Hentai.', 'RS'),
(3709, 'Indiana Jones.', 'RS'),
(3710, 'ALL the things!', 'RS'),
(3711, 'Hitler''s mustache.', 'RS'),
(3712, 'Gerudo Valley.', 'RS'),
(3713, 'Song of Storms.', 'RS'),
(3714, 'Bill Gates pissing on Steve Jobs''s grave.', 'RS'),
(3715, 'A giant purple dildo sword.', 'RS'),
(3716, 'Hipsters on their iPhones at Starbucks.', 'RS'),
(3717, 'Catdog.', 'RS'),
(3718, 'A boat load of cocaine.', 'RS'),
(3719, 'Smooth jazz.', 'RS'),
(3720, 'Lemon grenades.', 'RS'),
(3721, 'Blue Waffles.', 'RS'),
(3722, '360 no scopes.', 'RS'),
(3723, 'Soviet Russia.', 'RS'),
(3724, 'The Mushroom Kingdom.', 'RS'),
(3725, 'Outsourcing jobs to India.', 'RS'),
(3726, 'Hooters.', 'RS'),
(3727, 'The Hokey Pokey.', 'RS'),
(3728, 'Kaizo Mario.', 'RS'),
(3729, 'FrankerZ.', 'RS'),
(3730, 'Spontaneous Combustion.', 'RS'),
(3731, 'Kappa.', 'RS'),
(3732, 'Insane Clown Posse.', 'RS'),
(3733, 'Nu Metal.', 'RS'),
(3734, 'The Wiggles.', 'RS'),
(3735, 'Blue''s Clues.', 'RS'),
(3736, 'Using hot sauce as lube.', 'RS'),
(3737, 'Mating season.', 'RS'),
(3738, 'The Ouya.', 'RS'),
(3739, 'Jew-Fros.', 'RS'),
(3740, 'Fruit Fuckers.', 'RS'),
(3741, 'Blowing your hand off with a firework.', 'RS'),
(3742, 'Beer Pong.', 'RS'),
(3743, 'Duke Nukem Forever.', 'RS'),
(3744, 'Rule 34.', 'RS'),
(3745, 'Made-for-TV movies.', 'RS'),
(3746, 'Spanish soap operas.', 'RS'),
(3747, 'Teh Urn.', 'RS'),
(3748, 'Viking Metal.', 'RS'),
(3749, 'Tickle Me Elmo.', 'RS'),
(3750, 'Barney''s rape dungeon.', 'RS'),
(3751, 'Nurse Joy.', 'RS'),
(3752, 'Canadian tuxedo.', 'RS'),
(3753, 'Hungry Hungry Hippos.', 'RS'),
(3754, 'The smallest, whitest dick.', 'RS'),
(3755, 'Abusive fathers.', 'RS'),
(3756, 'Rich, chocolatey Ovaltine®.', 'RS'),
(3757, 'Ringworm.', 'RS'),
(3758, 'The hero of time.', 'RS'),
(3759, 'Terabytes of horse porn.', 'RS'),
(3760, 'Blowing the President.', 'RS'),
(3761, 'Skullcrusher Mountain.', 'RS'),
(3762, 'Mr. Fancy Pants.', 'RS'),
(3763, 'TotalBiscuit''s top hat.', 'RS'),
(3764, 'Demi Moore''s bush.', 'RS'),
(3765, 'Eating 120 White Castle burgers®.', 'RS'),
(3766, 'A walrus with a beret.', 'RS'),
(3767, 'Speedrunning life.', 'RS'),
(3768, 'Scotsman marring their sheep.', 'RS'),
(3769, 'The truffle shuffle.', 'RS'),
(3770, 'An 8-ball.', 'RS'),
(3771, 'Quiznos®.', 'RS'),
(3772, 'Bong hits for Jesus.', 'RS'),
(3773, 'Penn and Teller.', 'RS'),
(3774, 'Indentured servants.', 'RS'),
(3775, 'Sex in your mouth.', 'RS'),
(3776, 'Hoola hoops.', 'RS'),
(4109, 'Literally drinking bottled fangirl tears.', 'TGWTG'),
(4110, 'LordKaT''s used nipple tassles.', 'TGWTG'),
(4111, 'Luke''s curly hair.', 'TGWTG'),
(4112, 'Lupa''s brand of hair dye.', 'TGWTG'),
(4113, 'Ma-Ti being castrated and having his balls shipped to Oancitizen in the mail by Diamanda Hagan.', 'TGWTG'),
(4114, 'Magical fairy sex.', 'TGWTG'),
(4115, 'Making angry love to a DVD copy of "Neverending Story III".', 'TGWTG'),
(4116, 'Mako.', 'TGWTG'),
(4117, 'Malachite''s Hand.', 'TGWTG'),
(4118, 'Maven''s secret sparkling vampire dildo.', 'TGWTG'),
(4119, 'Melvin, brother of the Joker.', 'TGWTG'),
(4120, 'My mom.', 'TGWTG'),
(4121, 'My penis catching fire.', 'TGWTG'),
(4122, 'Naked crazy.', 'TGWTG'),
(4123, 'Nash breaking his ass.', 'TGWTG'),
(4124, 'Nash dressed in drag.', 'TGWTG'),
(4125, 'Nash in a gimp suit.', 'TGWTG'),
(4126, 'Nash popping a blood vessel over Florida.', 'TGWTG'),
(4127, 'Nash.', 'TGWTG'),
(4128, 'Nash''s long, long hair.', 'TGWTG'),
(4129, 'Newborn porn.', 'TGWTG'),
(4130, 'Nun fuckery.', 'TGWTG'),
(4131, 'Oancitizen.', 'TGWTG'),
(4132, 'Over-intrusive fanboys.', 'TGWTG'),
(4133, 'Having sex at a screening of Mr. Popper''s Penguins.', 'TGWTG');
INSERT INTO `white_cards` (`id`, `text`, `watermark`) VALUES
(4134, 'Phelous making love to his Turtles collection.', 'TGWTG'),
(4135, 'Poop, as a plan.', 'TGWTG'),
(4136, 'Punching your foe in the stomach and screaming "I AM A MAN!"', 'TGWTG'),
(4137, 'PushingUpRoses'' bird tattoos.', 'TGWTG'),
(4138, 'Putting sexy pantyhose on your dog.', 'TGWTG'),
(4139, 'Radio Dead Air.', 'TGWTG'),
(4141, 'Reading fan fiction on a live stream.', 'TGWTG'),
(4142, 'Reading the comments.', 'TGWTG'),
(4143, 'Requesting John Cage''s "4''33" on Radio Dead Air.', 'TGWTG'),
(4144, 'Reviewer dibs.', 'TGWTG'),
(4145, 'Robotic sex slaves that are made to feel sadness.', 'TGWTG'),
(4146, 'Rule 34 of Linkara and a lamp.', 'TGWTG'),
(4147, 'Sad Panda.', 'TGWTG'),
(4148, 'Santa Christ.', 'TGWTG'),
(4149, 'Santa Christ''s raging boner.', 'TGWTG'),
(4151, 'Sharkleberry Finn-flavored Kool-Aid.', 'TGWTG'),
(4152, 'Shooting colored corn syrup up your nose.', 'TGWTG'),
(4153, 'Slightly creepy comments about Tara''s hair.', 'TGWTG'),
(4154, 'Smoking kittens.', 'TGWTG'),
(4155, 'Snowdicking.', 'TGWTG'),
(4156, 'Snowflame, feeling no pain.', 'TGWTG'),
(4157, 'Sodomizing a loved one with a baseball bat.', 'TGWTG'),
(4158, 'Space Guy.', 'TGWTG'),
(4159, 'Spoony''s fans.', 'TGWTG'),
(4160, 'Spoony''s sexy goth pixie girlfriend.', 'TGWTG'),
(4161, 'Stick figure porn.', 'TGWTG'),
(4162, 'Stickboy.', 'TGWTG'),
(4163, 'Storing your dead friend''s ashes into a Quaker Oats can.', 'TGWTG'),
(4164, 'Suggestively eating a banana at the sight of David Bowie.', 'TGWTG'),
(4165, 'SYMBOLISM!', 'TGWTG'),
(4166, 'Taking someone by the shoulders, throwing them on the bed and riding them like a stallion.', 'TGWTG'),
(4167, 'That Aussie Guy.', 'TGWTG'),
(4168, 'That goddamned Colossus roar.', 'TGWTG'),
(4169, 'That one guy with snails.', 'TGWTG'),
(4170, 'The Angry Video Game Nerd.', 'TGWTG'),
(4171, 'The Blockbuster Buster.', 'TGWTG'),
(4172, 'The Cinema Snob Movie DVD.', 'TGWTG'),
(4173, 'THE COCK.', 'TGWTG'),
(4174, 'The Continuity Alarm.', 'TGWTG'),
(4175, 'The elephant in the room.', 'TGWTG'),
(4176, 'The Film Renegado.', 'TGWTG'),
(4177, 'The five months when the Nostalgia Critic was dead.', 'TGWTG'),
(4178, 'The LAAAAAAAAAAAAAAAAAAAAAW!', 'TGWTG'),
(4179, 'The Makeover Fairy.', 'TGWTG'),
(4180, 'The Nostalgia Critic.', 'TGWTG'),
(4181, 'The pig fucking movie.', 'TGWTG'),
(4182, 'The plot hole.', 'TGWTG'),
(4183, 'The Power Glove.', 'TGWTG'),
(4184, 'The RDA drinking game.', 'TGWTG'),
(4185, 'The RDA IRC channel.', 'TGWTG'),
(4186, 'The Spocker.', 'TGWTG'),
(4187, 'The TGWTG site redesign.', 'TGWTG'),
(4188, 'The Wunder Boner.', 'TGWTG'),
(4189, 'This fecal matter you call "Fluttershy".', 'TGWTG'),
(4190, 'Throwing a Baby Tumbles Surprise down a staircase.', 'TGWTG'),
(4191, 'Time travel.', 'TGWTG'),
(4192, 'Timing.', 'TGWTG'),
(4193, 'Todd''s unmasked visage.', 'TGWTG'),
(4194, 'Using Crystal Pepsi as a substitute for lube.', 'TGWTG'),
(4195, 'Using your underwear to shoplift raw meat from your local Wal-Mart.', 'TGWTG'),
(4196, 'Vigorously shagging your sister while holding a mug of warm tea.', 'TGWTG'),
(4197, 'Welshy.', 'TGWTG'),
(4199, 'Whatever the hell Barfiesta was supposed to be.', 'TGWTG'),
(4200, 'Yet another Thunderdome reference.', 'TGWTG'),
(4201, 'Your mom.', 'TGWTG'),
(4202, 'Zodan The Unbouncable.', 'TGWTG'),
(4203, '90''s Kid''s comic collection.', 'TGWTG'),
(4204, 'A Linkara cameo.', 'TGWTG'),
(4205, 'A plushie cybermat.', 'TGWTG'),
(4206, 'ALL THE COCAINE!!!', 'TGWTG'),
(4207, 'Bees!', 'TGWTG'),
(4208, 'Being fed up with reviewing lamps, what obscure topic did Linkara review next?', 'TGWTG'),
(4209, 'Harvey Finevoice''s fine voice.', 'TGWTG'),
(4210, 'Killing clowns.', 'TGWTG'),
(4211, 'Linkara crying in his Gatorade made of cybermat tears.', 'TGWTG'),
(4212, 'Linkara stalking Gail Simone on Twitter.', 'TGWTG'),
(4213, 'Linkara''s cybermat invasion force.', 'TGWTG'),
(4214, 'Linkara''s fangirl support group.', 'TGWTG'),
(4215, 'Linkara''s magic gun.', 'TGWTG'),
(4216, 'Linkara''s masculine arms.', 'TGWTG'),
(4217, 'MAGfest.', 'TGWTG'),
(4218, 'Marzkara fanfiction.', 'TGWTG'),
(4219, 'Mechakara''s phallic drill.', 'TGWTG'),
(4220, 'Reviews of $20 lamps.', 'TGWTG'),
(4198, 'What did the commenters bitch about next to Doug?', 'TGWTG'),
(3993, '8-Bit Mickey''s secret goat porn stash.', 'TGWTG'),
(3994, 'A baseball to the nuts.', 'TGWTG'),
(3995, 'A bat credit card.', 'TGWTG'),
(3996, 'A Big Lipped Alligator Moment.', 'TGWTG'),
(3997, 'A big long pink ding dong penis.', 'TGWTG'),
(3998, 'A bird fucking a horse.', 'TGWTG'),
(3999, 'A Blip check.', 'TGWTG'),
(4000, 'A bootleg ninja turtle action figure possessed by Satan.', 'TGWTG'),
(4001, 'A car landing on a roof.', 'TGWTG'),
(4002, 'A case of disappearing bears.', 'TGWTG'),
(4003, 'A Chia-Child.', 'TGWTG'),
(4004, 'A congregation of bums.', 'TGWTG'),
(4005, 'A Crystal Pepsi®-flavored enema.', 'TGWTG'),
(4008, 'A drugged Oancitizen in a schoolgirl outfit.', 'TGWTG'),
(4009, 'A greased-up meth guy.', 'TGWTG'),
(4011, 'A killer rabbit.', 'TGWTG'),
(4012, 'A mexican car wash.', 'TGWTG'),
(4013, 'A misguided Tumblr activism campaign.', 'TGWTG'),
(4014, 'A mobile meth lab in your pants.', 'TGWTG'),
(4016, 'A novelty slot machine.', 'TGWTG'),
(4017, 'A Pan-Galactic Gargle Blaster.', 'TGWTG'),
(4018, 'A poorly-written ugly mess.', 'TGWTG'),
(4019, 'A really pimped out DeLorean.', 'TGWTG'),
(4020, 'A talking snail in a suit.', 'TGWTG'),
(4021, 'A tiny white dick.', 'TGWTG'),
(4022, 'A titanic, undead, six-headed space dragon spewing bubbles.', 'TGWTG'),
(4023, 'A zombie fisherman.', 'TGWTG'),
(4024, 'Accidentally punching your cohost in the face.', 'TGWTG'),
(4025, 'ALL OF THE DICKS.', 'TGWTG'),
(4026, 'Almost dying at Sesame Street.', 'TGWTG'),
(4027, 'An art film Kyle''s reviewed.', 'TGWTG'),
(4028, 'An autoclitorodectomy.', 'TGWTG'),
(4030, 'An obscure reference only two people will get.', 'TGWTG'),
(4031, 'Anal tearing.', 'TGWTG'),
(4032, 'Andrew Dickman.', 'TGWTG'),
(4033, 'Angrily playing piano.', 'TGWTG'),
(4034, 'Ash.', 'TGWTG'),
(4035, 'Ash and Checkers.', 'TGWTG'),
(4036, 'Ask That Guy raped by Ma-Ti live.', 'TGWTG'),
(4037, 'ASS ASS ASS ASS ASS ASS ASS ASS.', 'TGWTG'),
(4038, 'Ass demons.', 'TGWTG'),
(4039, 'Awkward pity sex with a sparkly teenage Cthulu.', 'TGWTG'),
(4041, 'Because no one wants to see your dick.', 'TGWTG'),
(4042, 'Because the Kool-Aid Man is red.', 'TGWTG'),
(4043, 'Because there''s nothing sexy at the Wal-Mart.', 'TGWTG'),
(4044, 'Bees. My God.', 'TGWTG'),
(4045, 'Being frozen today.', 'TGWTG'),
(4046, 'Beppo the Invisible Monkey.', 'TGWTG'),
(4047, 'BETRAYAL!', 'TGWTG'),
(4048, 'Big Jim Slade.', 'TGWTG'),
(4049, 'Blockbuster Buster busting a nut.', 'TGWTG'),
(4050, 'Breaking someone''s spine by fucking.', 'TGWTG'),
(4051, 'Carl Copenhagen.', 'TGWTG'),
(4052, 'Casper.', 'TGWTG'),
(4053, 'Chuck Norris.', 'TGWTG'),
(4054, 'Confusing The Last Angry Geek and Linkara.', 'TGWTG'),
(4055, 'CR''s collection of My Little Pony pins.', 'TGWTG'),
(4056, 'Creepy fans at cons buying expensive stuff for MarzGurl.', 'TGWTG'),
(4057, 'Creepy guys in the RDA chat hitting on Tara.', 'TGWTG'),
(4058, 'Nash''s creepy face.', 'TGWTG'),
(4059, 'Crying your eyes out at a bunch of online reviewers.', 'TGWTG'),
(4060, 'Crystal Pepsi®.', 'TGWTG'),
(4061, 'Dark Nella.', 'TGWTG'),
(4062, 'David Bowie''s package.', 'TGWTG'),
(4064, 'Diamanda Hagan''s sexbot.', 'TGWTG'),
(4065, 'Diamanda''s copy of Cockhammer.', 'TGWTG'),
(4066, 'Disney''s Anne Frank.', 'TGWTG'),
(4067, 'Dogs wearing pantyhose.', 'TGWTG'),
(4068, 'Dolphin rape.', 'TGWTG'),
(4069, 'A douchequake.', 'TGWTG'),
(4070, 'Dr. Insano.', 'TGWTG'),
(4071, 'Dr. Wiki.', 'TGWTG'),
(4072, 'Explosively masturbating with Malachite''s Hand.', 'TGWTG'),
(4073, 'Ferdinand Von Turrell.', 'TGWTG'),
(4074, 'Film Brain''s lovely accent.', 'TGWTG'),
(4075, 'Finding out that "it''s not Pop Tarts!"', 'TGWTG'),
(4076, 'Firing a blue shell at the opposing house ship.', 'TGWTG'),
(4077, 'Florida.', 'TGWTG'),
(4078, 'Florida Man.', 'TGWTG'),
(4079, 'Flying sex snakes in monocles and bow ties.', 'TGWTG'),
(4080, 'Fort Super-Awesome.', 'TGWTG'),
(4081, 'FOUR HOURS?!', 'TGWTG'),
(4083, 'Fuck yeah, SPARKLE SPARKLE SPARKLE!', 'TGWTG'),
(4084, 'Fuck you, I do what I want.', 'TGWTG'),
(4085, 'FUCK YOU, I''M SPIDERMAN!', 'TGWTG'),
(4086, 'Fucking bubbles.', 'TGWTG'),
(4087, 'Getting buggered by a giant hamster.', 'TGWTG'),
(4088, 'Getting mauled by a mountain lion AND a grizzly bear at the same time.', 'TGWTG'),
(4089, 'Glenn Beck being torn apart by zombies.', 'TGWTG'),
(4090, 'Going full retard.', 'TGWTG'),
(4091, 'Going through the effort to build a wall in your back yard just to bash your head into it over and over again.', 'TGWTG'),
(4092, 'Gooby.', 'TGWTG'),
(4093, 'Hagan''s dictator tendencies.', 'TGWTG'),
(4094, 'Hagan''s make up artist.', 'TGWTG'),
(4095, 'Hagan''s masturbating minion.', 'TGWTG'),
(4096, 'Ham?', 'TGWTG'),
(4097, 'Hippo Queen Tara.', 'TGWTG'),
(4098, 'Hitler without the mustache.', 'TGWTG'),
(4099, 'How ''bout a legion of spiders?', 'TGWTG'),
(4100, 'Humping a can of trash.', 'TGWTG'),
(4101, 'I AM A MAN!', 'TGWTG'),
(4102, 'Invading a micronation in Nevada and making it your own.', 'TGWTG'),
(4103, 'JewWario''s solar penis.', 'TGWTG'),
(4104, 'Kickassia.', 'TGWTG'),
(4105, 'Kitler.', 'TGWTG'),
(4106, 'Kyle humping a trashcan.', 'TGWTG'),
(4107, 'Linkara''s ''special'' comic books.', 'TGWTG'),
(4108, 'Linkara''s hat.', 'TGWTG'),
(4222, 'Superboy Prime.', 'TGWTG'),
(4223, 'The Entity.', 'TGWTG'),
(4224, 'The legendary MAGFest orgy.', 'TGWTG'),
(4225, 'The most important job, reviewing a crappy comic book.', 'TGWTG'),
(4226, 'The next History of Power Rangers.', 'TGWTG'),
(4227, 'Youngblood''s disease.', 'TGWTG'),
(4228, 'Twin clones of Hitler.', 'TGWTG'),
(559, 'Thundercunt.', 'VS'),
(4006, 'A disembodied orgasm hippo.', 'TGWTG'),
(4007, 'A doppelganger in black leather with a sword.', 'TGWTG'),
(4010, 'A guest appearance by Giovanni Jones, the talking lobster.', 'TGWTG'),
(4015, 'A naked rampage.', 'TGWTG'),
(4029, 'An awkward slash fic between The Nostalgia Critic and The Angry Video Game Nerd.', 'TGWTG'),
(4040, 'Bath salts.', 'TGWTG'),
(4063, 'Diamanda Hagan.', 'TGWTG'),
(4082, 'Frying the Coke.', 'TGWTG'),
(4140, 'Rapidly pounding themselves in the face with a hammer.', 'TGWTG'),
(100120, 'Velcro™.', 'X3'),
(4150, 'Sci-Fi Guy''s ponytail.', 'TGWTG'),
(4229, 'A beef swarm.', 'NL'),
(3010, 'A butt pooping upwards an egg.', 'NL'),
(100162, 'The League of Legends.', 'SG'),
(100164, 'Advice from a wise, old black man.', '1.3'),
(100165, 'The Devil himself.', '1.3'),
(100166, 'The art of seduction.', '1.3'),
(100167, 'Funky fresh rhymes.', '1.3'),
(100168, 'The light of a billion suns.', '1.3'),
(100170, 'Destroying the evidence.', '1.3'),
(100172, 'Silence.', '1.3'),
(100173, 'Growing a pair.', '1.3'),
(100174, 'Synergistic management solutions.', '1.3'),
(100175, 'Wet dreams.', '1.3'),
(100176, 'A live studio audience.', '1.3'),
(100177, 'The Great Depression.', '1.3'),
(100178, 'An M16 assault rifle.', '1.3'),
(100179, 'Poopy diapers.', '1.3'),
(100180, 'Tickling Sean Hannity, even after he tells you to stop.', '1.3'),
(100181, 'Stalin.', '1.3'),
(100182, 'A spastic nerd.', '1.3'),
(100183, 'Rush Limbaugh''s soft, shitty body.', '1.3'),
(100184, 'Capturing Newt Gingrich and forcing him to dance in a monkey suit.', '1.3'),
(100185, 'Battlefield amputations.', '1.3'),
(100186, 'Brown people.', '1.3'),
(100187, 'Rehab.', '1.3'),
(100188, 'An ugly face.', '1.3'),
(100189, 'Menstrual rage.', '1.3'),
(100190, 'An uppercut.', '1.3'),
(100191, 'Shiny objects.', '1.3'),
(100192, '50,000 volts straight to the nipples.', '1.3'),
(100193, 'A bucket of fish heads.', '1.3'),
(100194, 'Hospice care.', '1.3'),
(100195, 'Being fat and stupid.', '1.3'),
(100196, 'Getting married, having a few kids, buying some stuff, retiring to Florida, and dying.', '1.3'),
(100197, 'A pyramid of severed heads.', '1.3'),
(100198, 'Crucifixion.', '1.3'),
(100199, 'A subscription to Men''s Fitness.', '1.3'),
(100200, 'Some god-damn peace and quiet.', '1.3'),
(100201, 'A micropig wearing a tiny raincoat and booties.', '1.3'),
(100202, 'Used panties.', '1.3'),
(100204, 'The penny whistle solo from "My Heart Will Go On."', '1.3'),
(100205, 'A tribe of warrior women.', '1.3'),
(100212, 'An oversized lollipop.', '1.3'),
(100213, 'Helplessly giggling at the mention of Hutus and Tutsis.', '1.3'),
(100214, 'Not wearing pants.', '1.3'),
(100215, 'Consensual sex.', '1.3'),
(100216, 'Her Majesty, Queen Elizabeth II.', '1.3');

/*!40101 SET CHARACTER_SET_CLIENT=@OLD_CHARACTER_SET_CLIENT */;
/*!40101 SET CHARACTER_SET_RESULTS=@OLD_CHARACTER_SET_RESULTS */;
/*!40101 SET COLLATION_CONNECTION=@OLD_COLLATION_CONNECTION */;
